dataset,target,split,head,n_request,n_seeds,mean_delta,sd_delta,p_wilcoxon
SAbDab_Chen,developability,cluster,gbm,100,20,-0.031539914053929516,0.04458594979691095,0.009435653686523438
SAbDab_Chen,developability,cluster,gbm,1000,20,0.009671087491061103,0.032061534515820264,0.20244979858398438
SAbDab_Chen,developability,cluster,gbm,200,20,0.005219454606166402,0.04768514098829352,0.6215133666992188
SAbDab_Chen,developability,cluster,gbm,25,20,-0.012072010314609475,0.09379118884783173,0.7011814117431641
SAbDab_Chen,developability,cluster,gbm,50,20,-0.026960590258656165,0.06004841477497153,0.04844093322753906
SAbDab_Chen,developability,cluster,gbm,500,20,0.009323926883483514,0.030025285021641035,0.14290618896484375
SAbDab_Chen,developability,cluster,gbm,all,20,0.011208020027655868,0.030725160888674045,0.15364646911621094
SAbDab_Chen,developability,cluster,linear,100,20,-0.05320638478683496,0.06519912749260091,0.0023250579833984375
SAbDab_Chen,developability,cluster,linear,1000,20,-0.0118357827382163,0.03728495287397082,0.13272666931152344
SAbDab_Chen,developability,cluster,linear,200,20,-0.03398733196824166,0.054824810828620445,0.013616561889648438
SAbDab_Chen,developability,cluster,linear,25,20,-0.06552136364231659,0.06019419109035102,5.7220458984375e-06
SAbDab_Chen,developability,cluster,linear,50,20,-0.04328173941307016,0.06912259511008029,0.012079238891601562
SAbDab_Chen,developability,cluster,linear,500,20,-0.00591738729016954,0.04003168664284768,0.49800872802734375
SAbDab_Chen,developability,cluster,linear,all,20,-0.0050310655241803835,0.039511554004679685,0.6215133666992188
SAbDab_Chen,developability,cluster,mlp,100,20,-0.0247417735092265,0.058099784601684516,0.069580078125
SAbDab_Chen,developability,cluster,mlp,1000,20,0.00601899281891422,0.037605812442758145,0.2305126190185547
SAbDab_Chen,developability,cluster,mlp,200,20,-0.01434731269929206,0.048198958072320115,0.3117942810058594
SAbDab_Chen,developability,cluster,mlp,25,20,-0.013672701786527372,0.08578328296907022,0.40909767150878906
SAbDab_Chen,developability,cluster,mlp,50,20,-0.021477713991292863,0.06262563410724346,0.21616744995117188
SAbDab_Chen,developability,cluster,mlp,500,20,-0.0011656261695080273,0.050296886574317676,0.6215133666992188
SAbDab_Chen,developability,cluster,mlp,all,20,0.026381440153193512,0.02786182093301075,0.000850677490234375
SAbDab_Chen,developability,random,gbm,100,20,-0.0010437742189911225,0.027126363967697093,0.8123550415039062
SAbDab_Chen,developability,random,gbm,1000,20,-0.003578409519563769,0.013283135258710091,0.36827659606933594
SAbDab_Chen,developability,random,gbm,200,20,-0.005385617777168117,0.023181194265199177,0.40909767150878906
SAbDab_Chen,developability,random,gbm,25,20,-0.030670244504646636,0.062239411019025366,0.026641845703125
SAbDab_Chen,developability,random,gbm,50,20,-0.01123289667706868,0.05250620979803478,0.3299827575683594
SAbDab_Chen,developability,random,gbm,500,20,-0.000917321079524036,0.015735536227550414,0.7561664581298828
SAbDab_Chen,developability,random,gbm,all,20,0.0006382668632762822,0.00981656287960595,0.7561664581298828
SAbDab_Chen,developability,random,linear,100,20,-0.020038750385789256,0.03185953801510603,0.013616561889648438
SAbDab_Chen,developability,random,linear,1000,20,0.012782483453928201,0.020628552417408713,0.01923370361328125
SAbDab_Chen,developability,random,linear,200,20,-0.012679606323514253,0.03374159280850861,0.11398696899414062
SAbDab_Chen,developability,random,linear,25,20,-0.017182195397963052,0.0449057796978557,0.10539817810058594
SAbDab_Chen,developability,random,linear,50,20,-0.03475875312917938,0.047495066764839014,0.0019855499267578125
SAbDab_Chen,developability,random,linear,500,20,-0.0021724220705736765,0.01611859511155602,0.47490501403808594
SAbDab_Chen,developability,random,linear,all,20,0.03344964164466239,0.01575587880634812,3.814697265625e-06
SAbDab_Chen,developability,random,mlp,100,20,-0.011559102911422776,0.032407116983742365,0.11398696899414062
SAbDab_Chen,developability,random,mlp,1000,20,0.01194146291279453,0.01892107903908339,0.01531219482421875
SAbDab_Chen,developability,random,mlp,200,20,-0.005520215356126351,0.023404666154219787,0.38837623596191406
SAbDab_Chen,developability,random,mlp,25,20,-0.008123864065018352,0.05988853707719222,0.34881019592285156
SAbDab_Chen,developability,random,mlp,50,20,-0.020381245499125532,0.04919495561650271,0.15364646911621094
SAbDab_Chen,developability,random,mlp,500,20,0.00473491992730019,0.023553053668710553,0.6215133666992188
SAbDab_Chen,developability,random,mlp,all,20,0.0037104351702616943,0.0154022763236638,0.2773551940917969
TAP,CDR_Length,cluster,gbm,100,20,-0.17505034671512668,0.052075838648315644,1.9073486328125e-06
TAP,CDR_Length,cluster,gbm,150,20,-0.1597273243556459,0.04559812938368402,1.9073486328125e-06
TAP,CDR_Length,cluster,gbm,25,20,-0.3330183964404415,0.16991710977199462,1.9073486328125e-06
TAP,CDR_Length,cluster,gbm,50,20,-0.23271157680416876,0.11549769557273178,1.9073486328125e-06
TAP,CDR_Length,cluster,gbm,all,20,-0.1576951860236659,0.03601884509342046,1.9073486328125e-06
TAP,CDR_Length,cluster,linear,100,20,-0.05384222152363061,0.017802061622603244,1.9073486328125e-06
TAP,CDR_Length,cluster,linear,150,20,-0.031461981022255406,0.011752377828837578,1.9073486328125e-06
TAP,CDR_Length,cluster,linear,25,20,-0.13529284453539117,0.1650899764555222,0.0007076263427734375
TAP,CDR_Length,cluster,linear,50,20,-0.05411651358479984,0.07343071282587137,0.01068878173828125
TAP,CDR_Length,cluster,linear,all,20,-0.026461572905330154,0.007585433950589373,1.9073486328125e-06
TAP,CDR_Length,cluster,mlp,100,20,-0.053122396141813834,0.18231947020330166,0.17685317993164062
TAP,CDR_Length,cluster,mlp,150,20,-0.09517472903768824,0.1635891779379827,0.017181396484375
TAP,CDR_Length,cluster,mlp,25,20,-0.10394638007198753,0.22932959400026315,0.08969497680664062
TAP,CDR_Length,cluster,mlp,50,20,-0.15845394956868175,0.19579017221182493,0.0014324188232421875
TAP,CDR_Length,cluster,mlp,all,20,-0.06543603434006677,0.14666536641146252,0.069580078125
TAP,CDR_Length,random,gbm,100,20,-0.1968494318797844,0.06147608769901178,1.9073486328125e-06
TAP,CDR_Length,random,gbm,150,20,-0.17374925898987376,0.04255347571839253,1.9073486328125e-06
TAP,CDR_Length,random,gbm,25,20,-0.2816956061873562,0.1639605028368478,1.9073486328125e-06
TAP,CDR_Length,random,gbm,50,20,-0.22917368228520676,0.11803636855746477,1.9073486328125e-06
TAP,CDR_Length,random,gbm,all,20,-0.17433758512080821,0.03821127374318395,1.9073486328125e-06
TAP,CDR_Length,random,linear,100,20,-0.0369719099231534,0.04057637833234777,0.0031528472900390625
TAP,CDR_Length,random,linear,150,20,-0.03015253933861206,0.008614626626144805,1.9073486328125e-06
TAP,CDR_Length,random,linear,25,20,-0.04721380087730444,0.10887317850523946,0.1230926513671875
TAP,CDR_Length,random,linear,50,20,-0.05375891768298975,0.05296395470889054,0.0007076263427734375
TAP,CDR_Length,random,linear,all,20,-0.025424433393046574,0.00784733905265712,1.9073486328125e-06
TAP,CDR_Length,random,mlp,100,20,-0.059929282170598605,0.24491583060555963,0.21616744995117188
TAP,CDR_Length,random,mlp,150,20,-0.027089574827110968,0.20765292243814706,0.4304332733154297
TAP,CDR_Length,random,mlp,25,20,-0.07685073112843498,0.2780614697204072,0.09730720520019531
TAP,CDR_Length,random,mlp,50,20,-0.05906857971504609,0.22715833213528633,0.1893482208251953
TAP,CDR_Length,random,mlp,all,20,-0.03172524543209586,0.22046077528508776,0.6215133666992188
TAP,PNC,cluster,gbm,100,20,-0.06711040646610807,0.1215707605515528,0.029575347900390625
TAP,PNC,cluster,gbm,150,20,-0.08677082011279877,0.1051105644763365,0.0031528472900390625
TAP,PNC,cluster,gbm,25,20,-0.0460891610344706,0.17984005585375204,0.26109886169433594
TAP,PNC,cluster,gbm,50,20,-0.09590490572298585,0.18728981743255846,0.013616561889648438
TAP,PNC,cluster,gbm,all,20,-0.13757115647632592,0.11076618771252844,3.62396240234375e-05
TAP,PNC,cluster,linear,100,20,-0.1029102530323244,0.09964728687085572,0.0001049041748046875
TAP,PNC,cluster,linear,150,20,-0.09255174704282694,0.07134370641618527,3.814697265625e-06
TAP,PNC,cluster,linear,25,20,-0.09946697466825245,0.15760856693951814,0.00830841064453125
TAP,PNC,cluster,linear,50,20,-0.13359567241588224,0.10132678812260232,9.5367431640625e-06
TAP,PNC,cluster,linear,all,20,-0.08729826206556209,0.08405957248559714,0.000133514404296875
TAP,PNC,cluster,mlp,100,20,-0.1001546908817346,0.17057198209631802,0.017181396484375
TAP,PNC,cluster,mlp,150,20,-0.11103890058510787,0.10864589413227001,0.000209808349609375
TAP,PNC,cluster,mlp,25,20,-0.05692409433568375,0.17650657680880388,0.10539817810058594
TAP,PNC,cluster,mlp,50,20,-0.07088147152986998,0.19506181896181976,0.1230926513671875
TAP,PNC,cluster,mlp,all,20,-0.1440197152014669,0.12790073604814117,0.000133514404296875
TAP,PNC,random,gbm,100,20,-0.1547037797239214,0.16501351488015736,0.0007076263427734375
TAP,PNC,random,gbm,150,20,-0.0828740001790396,0.1323076907959356,0.013616561889648438
TAP,PNC,random,gbm,25,20,-0.045754003809338924,0.17313469553583347,0.16495704650878906
TAP,PNC,random,gbm,50,20,-0.10409745019714252,0.1639411529684414,0.012079238891601562
TAP,PNC,random,gbm,all,20,-0.09697162222729942,0.1524931389720315,0.013616561889648438
TAP,PNC,random,linear,100,20,-0.12593409628672858,0.09922316430175429,0.0001049041748046875
TAP,PNC,random,linear,150,20,-0.09278323925379185,0.09419005436378945,0.0004825592041015625
TAP,PNC,random,linear,25,20,-0.11476521805950728,0.1707285162224678,0.0072956085205078125
TAP,PNC,random,linear,50,20,-0.13851214267173179,0.15516038530788948,0.002712249755859375
TAP,PNC,random,linear,all,20,-0.07679196888882431,0.08338504349909132,0.001689910888671875
TAP,PNC,random,mlp,100,20,-0.18443469126356407,0.1606306115346817,4.76837158203125e-05
TAP,PNC,random,mlp,150,20,-0.18303642524919023,0.17194438392540076,0.0003948211669921875
TAP,PNC,random,mlp,25,20,-0.12160551705528053,0.20190263971641367,0.017181396484375
TAP,PNC,random,mlp,50,20,-0.13618699482278435,0.1744236089756162,0.0005855560302734375
TAP,PNC,random,mlp,all,20,-0.18105053367079676,0.2042663808429196,0.001209259033203125
TAP,PPC,cluster,gbm,100,20,-0.0861148282869224,0.22663363336236053,0.10539817810058594
TAP,PPC,cluster,gbm,150,20,-0.09932262346516808,0.156472942834053,0.012079238891601562
TAP,PPC,cluster,gbm,25,20,-0.07130832142879116,0.20609636986194715,0.09730720520019531
TAP,PPC,cluster,gbm,50,20,-0.13550798202724068,0.18687001467536357,0.005580902099609375
TAP,PPC,cluster,gbm,all,20,-0.13379289788252452,0.17053453058791504,0.0003948211669921875
TAP,PPC,cluster,linear,100,20,-0.09433058923385058,0.1650340537649364,0.021484375
TAP,PPC,cluster,linear,150,20,-0.06309221602982762,0.1351004966393307,0.06372261047363281
TAP,PPC,cluster,linear,25,20,-0.12686212357430496,0.16866804658931403,0.00830841064453125
TAP,PPC,cluster,linear,50,20,-0.13687743595458984,0.18062217803131791,0.00365447998046875
TAP,PPC,cluster,linear,all,20,-0.05519999028363837,0.13589478914086828,0.08969497680664062
TAP,PPC,cluster,mlp,100,20,-0.04638735286731546,0.19374033841078944,0.38837623596191406
TAP,PPC,cluster,mlp,150,20,-0.09156131730871298,0.19731181898556366,0.0758514404296875
TAP,PPC,cluster,mlp,25,20,-0.050525862724097224,0.20663999415935033,0.20244979858398438
TAP,PPC,cluster,mlp,50,20,-0.03350626058644002,0.19647360958514026,0.6476554870605469
TAP,PPC,cluster,mlp,all,20,-0.09636091940710809,0.16595162305822475,0.021484375
TAP,PPC,random,gbm,100,20,-0.029630746725653394,0.11123684882756467,0.24548721313476562
TAP,PPC,random,gbm,150,20,-0.08533587658522022,0.16994099586615918,0.04405403137207031
TAP,PPC,random,gbm,25,20,-0.0107238018067195,0.15556096252162344,0.5958194732666016
TAP,PPC,random,gbm,50,20,-0.05363410727867331,0.17695820561429892,0.19783306556714142
TAP,PPC,random,gbm,all,20,-0.15492509784662628,0.11629095540366888,3.814697265625e-06
TAP,PPC,random,linear,100,20,-0.09448586956571906,0.09521875599842106,0.0004825592041015625
TAP,PPC,random,linear,150,20,-0.06586120593935282,0.09974214642613242,0.01068878173828125
TAP,PPC,random,linear,25,20,-0.032004068438996565,0.19849570956305398,0.3117942810058594
TAP,PPC,random,linear,50,20,-0.09861636983067124,0.13945193017086052,0.00485992431640625
TAP,PPC,random,linear,all,20,-0.07054592864666083,0.11057319667534755,0.009435653686523438
TAP,PPC,random,mlp,100,20,-0.1085145721136552,0.177163302718853,0.009435653686523438
TAP,PPC,random,mlp,150,20,-0.09994173908619416,0.1823088682292015,0.01531219482421875
TAP,PPC,random,mlp,25,20,-0.03723581178677833,0.1982596088381479,0.36827659606933594
TAP,PPC,random,mlp,50,20,-0.09176469058218398,0.17857103360873522,0.009435653686523438
TAP,PPC,random,mlp,all,20,-0.10204253870633491,0.17366250120498475,0.023950576782226562
TAP,PSH,cluster,gbm,100,20,-0.06648905101338545,0.10835090834541053,0.009435653686523438
TAP,PSH,cluster,gbm,150,20,-0.047179485720654356,0.10373847907079882,0.13272666931152344
TAP,PSH,cluster,gbm,25,20,-0.08987605471787888,0.1793659035914402,0.03623390197753906
TAP,PSH,cluster,gbm,50,20,-0.06242516100406885,0.16346540153845962,0.1230926513671875
TAP,PSH,cluster,gbm,all,20,-0.07530689359340469,0.10009831948574274,0.00485992431640625
TAP,PSH,cluster,linear,100,20,-0.0031475012844731005,0.0820601534632022,0.47490501403808594
TAP,PSH,cluster,linear,150,20,-0.017779513775578522,0.054441955072062405,0.20244979858398438
TAP,PSH,cluster,linear,25,20,-0.024195605128673036,0.13566026909308154,0.47490501403808594
TAP,PSH,cluster,linear,50,20,-0.022587186511702752,0.11403446148002297,0.4523754119873047
TAP,PSH,cluster,linear,all,20,-0.015861100218909567,0.04543635483727441,0.16495704650878906
TAP,PSH,cluster,mlp,100,20,-0.0758400115498831,0.13648591759048914,0.026641845703125
TAP,PSH,cluster,mlp,150,20,-0.042658603651194366,0.16099053019263954,0.2773551940917969
TAP,PSH,cluster,mlp,25,20,-0.1386071723107726,0.16017464787222058,0.0007076263427734375
TAP,PSH,cluster,mlp,50,20,-0.1418282050582194,0.17076764183806029,0.0007076263427734375
TAP,PSH,cluster,mlp,all,20,-0.0025349680534235254,0.13885058069106862,0.9854354858398438
TAP,PSH,random,gbm,100,20,-0.02360655737704918,0.11562854797762066,0.2773551940917969
TAP,PSH,random,gbm,150,20,-0.06807773664727658,0.1148089711061093,0.01531219482421875
TAP,PSH,random,gbm,25,20,-0.03490745637228978,0.18324183718509612,0.5216732025146484
TAP,PSH,random,gbm,50,20,-0.044225277630883145,0.1827096119950395,0.49800872802734375
TAP,PSH,random,gbm,all,20,-0.061356425171866735,0.11167190441040198,0.039989471435546875
TAP,PSH,random,linear,100,20,-0.004516129032258065,0.12574673923126178,0.7841262817382812
TAP,PSH,random,linear,150,20,-0.0016578529878371398,0.08444649515221027,0.9854354858398438
TAP,PSH,random,linear,25,20,-0.05670280274986776,0.16999913422141388,0.06372261047363281
TAP,PSH,random,linear,50,20,-0.03904019037546272,0.13319101379978315,0.1893482208251953
TAP,PSH,random,linear,all,20,0.007712850343733491,0.08133409455329127,0.6215133666992188
TAP,PSH,random,mlp,100,20,-0.04747752511898466,0.1922113035880239,0.2773551940917969
TAP,PSH,random,mlp,150,20,-0.005957165520888421,0.14242423632235465,0.8408222198486328
TAP,PSH,random,mlp,25,20,-0.06697250132205178,0.19186606264192316,0.08969497680664062
TAP,PSH,random,mlp,50,20,-0.07239820200951874,0.19095062228412837,0.14290618896484375
TAP,PSH,random,mlp,all,20,0.024970914859862504,0.1768875953040426,0.40909767150878906
TAP,SFvCSP,cluster,gbm,100,20,-0.2498511779303505,0.09822560976049932,1.9073486328125e-06
TAP,SFvCSP,cluster,gbm,150,20,-0.2276305825834613,0.10882716197174899,1.9073486328125e-06
TAP,SFvCSP,cluster,gbm,25,20,-0.33555235164229436,0.1732747956972556,3.814697265625e-06
TAP,SFvCSP,cluster,gbm,50,20,-0.32370164686803937,0.15091670086324666,1.9073486328125e-06
TAP,SFvCSP,cluster,gbm,all,20,-0.16911123736386524,0.08655092927524506,1.9073486328125e-06
TAP,SFvCSP,cluster,linear,100,20,-0.14834723051816323,0.07023069775599317,1.9073486328125e-06
TAP,SFvCSP,cluster,linear,150,20,-0.13628814364596162,0.07162696258688843,1.9073486328125e-06
TAP,SFvCSP,cluster,linear,25,20,-0.2138075199850653,0.07802740265683784,1.9073486328125e-06
TAP,SFvCSP,cluster,linear,50,20,-0.18006525518659508,0.09901579975882076,9.5367431640625e-06
TAP,SFvCSP,cluster,linear,all,20,-0.13563505358518138,0.07380427590214468,1.9073486328125e-06
TAP,SFvCSP,cluster,mlp,100,20,-0.06973149910299624,0.09473751653249635,0.0042209625244140625
TAP,SFvCSP,cluster,mlp,150,20,-0.06461450207175345,0.0712643498697492,0.0004825592041015625
TAP,SFvCSP,cluster,mlp,25,20,-0.13691176174526182,0.1225781878629566,0.0002613067626953125
TAP,SFvCSP,cluster,mlp,50,20,-0.10609488815919603,0.08655225977214612,2.6702880859375e-05
TAP,SFvCSP,cluster,mlp,all,20,-0.05790214748265874,0.07151861162396202,0.0023250579833984375
TAP,SFvCSP,random,gbm,100,20,-0.2828541193154013,0.1240206869039392,1.9073486328125e-06
TAP,SFvCSP,random,gbm,150,20,-0.20933646708646553,0.08982507048748002,1.9073486328125e-06
TAP,SFvCSP,random,gbm,25,20,-0.3717586144301936,0.14545420814603083,1.9073486328125e-06
TAP,SFvCSP,random,gbm,50,20,-0.2891075620649223,0.1710981345350418,1.9073486328125e-06
TAP,SFvCSP,random,gbm,all,20,-0.209266045940686,0.06461271205488947,1.9073486328125e-06
TAP,SFvCSP,random,linear,100,20,-0.1549602316960203,0.09733455018281692,2.6702880859375e-05
TAP,SFvCSP,random,linear,150,20,-0.14714721628960142,0.07064366358308577,3.814697265625e-06
TAP,SFvCSP,random,linear,25,20,-0.21891306432309432,0.14519918269893164,1.9073486328125e-06
TAP,SFvCSP,random,linear,50,20,-0.16282739059790197,0.12126032051997451,2.6702880859375e-05
TAP,SFvCSP,random,linear,all,20,-0.14468322396464864,0.06476693909907424,1.9073486328125e-06
TAP,SFvCSP,random,mlp,100,20,-0.08211914686573271,0.07754304386219478,0.0002613067626953125
TAP,SFvCSP,random,mlp,150,20,-0.04629307606403483,0.06742108345134346,0.00830841064453125
TAP,SFvCSP,random,mlp,25,20,-0.13781163485746767,0.14561069280790426,0.0010166168212890625
TAP,SFvCSP,random,mlp,50,20,-0.10831679503304448,0.1010517855056991,0.0001049041748046875
TAP,SFvCSP,random,mlp,all,20,-0.04834057776342163,0.06077547929666743,0.0031528472900390625
