dataset,target,split,head,n_request,comparison,features,baseline,n_seeds,mean_delta,sd_delta,p_wilcoxon
SAbDab_Chen,developability,cluster,linear,100,cheap - esm2_mean,cheap,esm2_mean,20,0.05320638478683496,0.06519912749260091,0.0023250579833984375
SAbDab_Chen,developability,cluster,linear,100,esm2_cls - esm2_mean,esm2_cls,esm2_mean,20,0.01354012410183968,0.04053138108004491,0.11398696899414062
SAbDab_Chen,developability,cluster,linear,100,esm2_max - esm2_mean,esm2_max,esm2_mean,20,-0.007055965659230829,0.04330050093125945,0.49800872802734375
SAbDab_Chen,developability,cluster,linear,100,esm2_mean+max - esm2_mean,esm2_mean+max,esm2_mean,20,0.009186613628766554,0.022319718083027806,0.082550048828125
SAbDab_Chen,developability,cluster,linear,1000,cheap - esm2_mean,cheap,esm2_mean,20,0.0118357827382163,0.03728495287397082,0.13272666931152344
SAbDab_Chen,developability,cluster,linear,1000,esm2_cls - esm2_mean,esm2_cls,esm2_mean,20,-0.023315552230293773,0.03340295873791241,0.006389617919921875
SAbDab_Chen,developability,cluster,linear,1000,esm2_max - esm2_mean,esm2_max,esm2_mean,20,-0.028432182221161555,0.03144918176438883,0.0007076263427734375
SAbDab_Chen,developability,cluster,linear,1000,esm2_mean+max - esm2_mean,esm2_mean+max,esm2_mean,20,0.005069774933905713,0.0183870457604654,0.3117942810058594
SAbDab_Chen,developability,cluster,linear,200,cheap - esm2_mean,cheap,esm2_mean,20,0.03398733196824166,0.054824810828620445,0.013616561889648438
SAbDab_Chen,developability,cluster,linear,200,esm2_cls - esm2_mean,esm2_cls,esm2_mean,20,0.005115991753521554,0.0313518351643909,0.5216732025146484
SAbDab_Chen,developability,cluster,linear,200,esm2_max - esm2_mean,esm2_max,esm2_mean,20,-0.016267422523684662,0.04688092740248266,0.05316925048828125
SAbDab_Chen,developability,cluster,linear,200,esm2_mean+max - esm2_mean,esm2_mean+max,esm2_mean,20,0.003331051987585465,0.02269124389419157,0.7561664581298828
SAbDab_Chen,developability,cluster,linear,25,cheap - esm2_mean,cheap,esm2_mean,20,0.06552136364231656,0.06019419109035101,5.7220458984375e-06
SAbDab_Chen,developability,cluster,linear,25,esm2_cls - esm2_mean,esm2_cls,esm2_mean,20,0.01709153911550428,0.044713341887606964,0.14290618896484375
SAbDab_Chen,developability,cluster,linear,25,esm2_max - esm2_mean,esm2_max,esm2_mean,20,0.004456061088200919,0.045521983565030184,1.0
SAbDab_Chen,developability,cluster,linear,25,esm2_mean+max - esm2_mean,esm2_mean+max,esm2_mean,20,0.0085316038601819,0.027768672904929008,0.09730720520019531
SAbDab_Chen,developability,cluster,linear,50,cheap - esm2_mean,cheap,esm2_mean,20,0.04328173941307016,0.06912259511008029,0.012079238891601562
SAbDab_Chen,developability,cluster,linear,50,esm2_cls - esm2_mean,esm2_cls,esm2_mean,20,0.010774240474506282,0.06193499723201221,0.38837623596191406
SAbDab_Chen,developability,cluster,linear,50,esm2_max - esm2_mean,esm2_max,esm2_mean,20,0.004894258740231449,0.050028352619072666,0.8408222198486328
SAbDab_Chen,developability,cluster,linear,50,esm2_mean+max - esm2_mean,esm2_mean+max,esm2_mean,20,0.015111796463937316,0.03355652640746753,0.01531219482421875
SAbDab_Chen,developability,cluster,linear,500,cheap - esm2_mean,cheap,esm2_mean,20,0.00591738729016954,0.04003168664284768,0.49800872802734375
SAbDab_Chen,developability,cluster,linear,500,esm2_cls - esm2_mean,esm2_cls,esm2_mean,20,-0.013251156042088175,0.05088190835491725,0.6476554870605469
SAbDab_Chen,developability,cluster,linear,500,esm2_max - esm2_mean,esm2_max,esm2_mean,20,-0.02555144894886765,0.03211351522026745,0.0023250579833984375
SAbDab_Chen,developability,cluster,linear,500,esm2_mean+max - esm2_mean,esm2_mean+max,esm2_mean,20,-0.001295533026849155,0.022685602622699308,0.6215133666992188
SAbDab_Chen,developability,cluster,linear,all,cheap - esm2_mean,cheap,esm2_mean,20,0.0050310655241803835,0.039511554004679685,0.6215133666992188
SAbDab_Chen,developability,cluster,linear,all,esm2_cls - esm2_mean,esm2_cls,esm2_mean,20,-0.034333908614953376,0.03495520384203485,0.000133514404296875
SAbDab_Chen,developability,cluster,linear,all,esm2_max - esm2_mean,esm2_max,esm2_mean,20,-0.055675194028543616,0.03222023637785338,3.814697265625e-06
SAbDab_Chen,developability,cluster,linear,all,esm2_mean+max - esm2_mean,esm2_mean+max,esm2_mean,20,-0.011989074202027921,0.017070602402307174,0.0042209625244140625
SAbDab_Chen,developability,cluster,mlp,100,cheap - esm2_mean,cheap,esm2_mean,20,0.0247417735092265,0.058099784601684516,0.069580078125
SAbDab_Chen,developability,cluster,mlp,100,esm2_cls - esm2_mean,esm2_cls,esm2_mean,20,0.0048039403899746815,0.02751661804940855,0.17685317993164062
SAbDab_Chen,developability,cluster,mlp,100,esm2_max - esm2_mean,esm2_max,esm2_mean,20,-0.014582870882139087,0.043567076323769015,0.1230926513671875
SAbDab_Chen,developability,cluster,mlp,100,esm2_mean+max - esm2_mean,esm2_mean+max,esm2_mean,20,-0.011066052460392235,0.036675643474325226,0.38837623596191406
SAbDab_Chen,developability,cluster,mlp,1000,cheap - esm2_mean,cheap,esm2_mean,20,-0.00601899281891422,0.037605812442758145,0.2305126190185547
SAbDab_Chen,developability,cluster,mlp,1000,esm2_cls - esm2_mean,esm2_cls,esm2_mean,20,-0.018006267606981215,0.0339503599490787,0.021484375
SAbDab_Chen,developability,cluster,mlp,1000,esm2_max - esm2_mean,esm2_max,esm2_mean,20,-0.03158656157185987,0.03075697623260213,0.0002613067626953125
SAbDab_Chen,developability,cluster,mlp,1000,esm2_mean+max - esm2_mean,esm2_mean+max,esm2_mean,20,0.004846325873547613,0.02311509159222117,0.3117942810058594
SAbDab_Chen,developability,cluster,mlp,200,cheap - esm2_mean,cheap,esm2_mean,20,0.01434731269929206,0.048198958072320115,0.3117942810058594
SAbDab_Chen,developability,cluster,mlp,200,esm2_cls - esm2_mean,esm2_cls,esm2_mean,20,0.0004242721472744293,0.026060296448185312,0.9854354858398438
SAbDab_Chen,developability,cluster,mlp,200,esm2_max - esm2_mean,esm2_max,esm2_mean,20,-0.014624685251225632,0.03562520291120481,0.10539817810058594
SAbDab_Chen,developability,cluster,mlp,200,esm2_mean+max - esm2_mean,esm2_mean+max,esm2_mean,20,-0.0011750010945762556,0.0219007209132524,0.6215133666992188
SAbDab_Chen,developability,cluster,mlp,25,cheap - esm2_mean,cheap,esm2_mean,20,0.013672701786527372,0.08578328296907019,0.40909767150878906
SAbDab_Chen,developability,cluster,mlp,25,esm2_cls - esm2_mean,esm2_cls,esm2_mean,20,0.014922240451598479,0.05118510426027405,0.40909767150878906
SAbDab_Chen,developability,cluster,mlp,25,esm2_max - esm2_mean,esm2_max,esm2_mean,20,-0.010220904411595913,0.058728261972971985,0.47490501403808594
SAbDab_Chen,developability,cluster,mlp,25,esm2_mean+max - esm2_mean,esm2_mean+max,esm2_mean,20,-0.014767037961041044,0.04918325205550036,0.36827659606933594
SAbDab_Chen,developability,cluster,mlp,50,cheap - esm2_mean,cheap,esm2_mean,20,0.021477713991292863,0.06262563410724346,0.21616744995117188
SAbDab_Chen,developability,cluster,mlp,50,esm2_cls - esm2_mean,esm2_cls,esm2_mean,20,0.013642638800738013,0.05125181568400364,0.2942523956298828
SAbDab_Chen,developability,cluster,mlp,50,esm2_max - esm2_mean,esm2_max,esm2_mean,20,0.0030675848028082543,0.048327060297052866,0.7841262817382812
SAbDab_Chen,developability,cluster,mlp,50,esm2_mean+max - esm2_mean,esm2_mean+max,esm2_mean,20,-0.004317868139017411,0.04447587853812295,0.5458755493164062
SAbDab_Chen,developability,cluster,mlp,500,cheap - esm2_mean,cheap,esm2_mean,20,0.0011656261695080273,0.050296886574317676,0.6215133666992188
SAbDab_Chen,developability,cluster,mlp,500,esm2_cls - esm2_mean,esm2_cls,esm2_mean,20,-0.0013416106138445295,0.028670419768030062,0.7285060882568359
SAbDab_Chen,developability,cluster,mlp,500,esm2_max - esm2_mean,esm2_max,esm2_mean,20,-0.030231479442966364,0.027755719948108822,0.0001049041748046875
SAbDab_Chen,developability,cluster,mlp,500,esm2_mean+max - esm2_mean,esm2_mean+max,esm2_mean,20,-0.004643130013865721,0.021812586946144814,0.6476554870605469
SAbDab_Chen,developability,cluster,mlp,all,cheap - esm2_mean,cheap,esm2_mean,20,-0.026381440153193512,0.02786182093301075,0.000850677490234375
SAbDab_Chen,developability,cluster,mlp,all,esm2_cls - esm2_mean,esm2_cls,esm2_mean,20,-0.017393816185250842,0.03885131115873118,0.039989471435546875
SAbDab_Chen,developability,cluster,mlp,all,esm2_max - esm2_mean,esm2_max,esm2_mean,20,-0.031172682461746076,0.03484669322912745,0.0004825592041015625
SAbDab_Chen,developability,cluster,mlp,all,esm2_mean+max - esm2_mean,esm2_mean+max,esm2_mean,20,-0.0058562569913861605,0.027374040929393103,0.3117942810058594
TAP,CDR_Length,cluster,linear,100,cheap - esm2_mean,cheap,esm2_mean,20,0.05384222152363061,0.01780206162260321,1.9073486328125e-06
TAP,CDR_Length,cluster,linear,100,esm2_cls - esm2_mean,esm2_cls,esm2_mean,20,-0.086246264043735,0.03352924080616179,1.9073486328125e-06
TAP,CDR_Length,cluster,linear,100,esm2_max - esm2_mean,esm2_max,esm2_mean,20,-0.08953358791284435,0.04446345352875569,1.9073486328125e-06
TAP,CDR_Length,cluster,linear,100,esm2_mean+max - esm2_mean,esm2_mean+max,esm2_mean,20,-0.014576623042948189,0.016208009155963283,8.20159912109375e-05
TAP,CDR_Length,cluster,linear,150,cheap - esm2_mean,cheap,esm2_mean,20,0.03146198102225541,0.01175237782883756,1.9073486328125e-06
TAP,CDR_Length,cluster,linear,150,esm2_cls - esm2_mean,esm2_cls,esm2_mean,20,-0.05537928920064876,0.022683442685877728,1.9073486328125e-06
TAP,CDR_Length,cluster,linear,150,esm2_max - esm2_mean,esm2_max,esm2_mean,20,-0.07110658509052752,0.033671381068532694,1.9073486328125e-06
TAP,CDR_Length,cluster,linear,150,esm2_mean+max - esm2_mean,esm2_mean+max,esm2_mean,20,-0.012149812079647503,0.010647655010017115,3.62396240234375e-05
TAP,CDR_Length,cluster,linear,25,cheap - esm2_mean,cheap,esm2_mean,20,0.13529284453539117,0.16508997645552217,0.0007076263427734375
TAP,CDR_Length,cluster,linear,25,esm2_cls - esm2_mean,esm2_cls,esm2_mean,20,-0.19326859675905286,0.09258187880026549,3.814697265625e-06
TAP,CDR_Length,cluster,linear,25,esm2_max - esm2_mean,esm2_max,esm2_mean,20,-0.1813945041290886,0.0869258357047634,3.814697265625e-06
TAP,CDR_Length,cluster,linear,25,esm2_mean+max - esm2_mean,esm2_mean+max,esm2_mean,20,-0.06407253400026557,0.04166736101578763,1.33514404296875e-05
TAP,CDR_Length,cluster,linear,50,cheap - esm2_mean,cheap,esm2_mean,20,0.05411651358479984,0.07343071282587138,0.01068878173828125
TAP,CDR_Length,cluster,linear,50,esm2_cls - esm2_mean,esm2_cls,esm2_mean,20,-0.16303172680879432,0.06644564666071169,1.9073486328125e-06
TAP,CDR_Length,cluster,linear,50,esm2_max - esm2_mean,esm2_max,esm2_mean,20,-0.14100738630797222,0.06642289307417576,1.9073486328125e-06
TAP,CDR_Length,cluster,linear,50,esm2_mean+max - esm2_mean,esm2_mean+max,esm2_mean,20,-0.036551571797111465,0.02859226635916412,3.814697265625e-06
TAP,CDR_Length,cluster,linear,all,cheap - esm2_mean,cheap,esm2_mean,20,0.026461572905330143,0.007585433950589363,1.9073486328125e-06
TAP,CDR_Length,cluster,linear,all,esm2_cls - esm2_mean,esm2_cls,esm2_mean,20,-0.043449935882570276,0.02036155962666887,1.9073486328125e-06
TAP,CDR_Length,cluster,linear,all,esm2_max - esm2_mean,esm2_max,esm2_mean,20,-0.06142415052863866,0.0329249955172332,1.9073486328125e-06
TAP,CDR_Length,cluster,linear,all,esm2_mean+max - esm2_mean,esm2_mean+max,esm2_mean,20,-0.012577790484010226,0.011853743750175939,9.5367431640625e-06
TAP,CDR_Length,cluster,mlp,100,cheap - esm2_mean,cheap,esm2_mean,20,0.05312239614181381,0.18231947020330166,0.17685317993164062
TAP,CDR_Length,cluster,mlp,100,esm2_cls - esm2_mean,esm2_cls,esm2_mean,20,-0.03836469194629061,0.1476064467041935,0.3117942810058594
TAP,CDR_Length,cluster,mlp,100,esm2_max - esm2_mean,esm2_max,esm2_mean,20,0.0609564426348526,0.1512457769616403,0.1230926513671875
TAP,CDR_Length,cluster,mlp,100,esm2_mean+max - esm2_mean,esm2_mean+max,esm2_mean,20,0.028919469496574212,0.08250640091940342,0.15364646911621094
TAP,CDR_Length,cluster,mlp,150,cheap - esm2_mean,cheap,esm2_mean,20,0.09517472903768824,0.16358917793798267,0.017181396484375
TAP,CDR_Length,cluster,mlp,150,esm2_cls - esm2_mean,esm2_cls,esm2_mean,20,-0.007940529895155245,0.14216599000553465,0.7841262817382812
TAP,CDR_Length,cluster,mlp,150,esm2_max - esm2_mean,esm2_max,esm2_mean,20,0.06427501681683494,0.10790595026385308,0.021484375
TAP,CDR_Length,cluster,mlp,150,esm2_mean+max - esm2_mean,esm2_mean+max,esm2_mean,20,0.05216259154033616,0.09585481651029135,0.10539817810058594
TAP,CDR_Length,cluster,mlp,25,cheap - esm2_mean,cheap,esm2_mean,20,0.10394638007198753,0.22932959400026315,0.08969497680664062
TAP,CDR_Length,cluster,mlp,25,esm2_cls - esm2_mean,esm2_cls,esm2_mean,20,0.008193050844677405,0.1374254071957269,0.7285060882568359
TAP,CDR_Length,cluster,mlp,25,esm2_max - esm2_mean,esm2_max,esm2_mean,20,0.0857792673101376,0.1429284068038446,0.04405403137207031
TAP,CDR_Length,cluster,mlp,25,esm2_mean+max - esm2_mean,esm2_mean+max,esm2_mean,20,0.02334770848321402,0.103530032203554,0.4523754119873047
TAP,CDR_Length,cluster,mlp,50,cheap - esm2_mean,cheap,esm2_mean,20,0.1584539495686818,0.19579017221182496,0.0014324188232421875
TAP,CDR_Length,cluster,mlp,50,esm2_cls - esm2_mean,esm2_cls,esm2_mean,20,0.008322647952539699,0.12734307180561058,0.6476554870605469
TAP,CDR_Length,cluster,mlp,50,esm2_max - esm2_mean,esm2_max,esm2_mean,20,0.11324761392294073,0.12056927984185216,0.0007076263427734375
TAP,CDR_Length,cluster,mlp,50,esm2_mean+max - esm2_mean,esm2_mean+max,esm2_mean,20,0.03925218225607764,0.08460107298932901,0.082550048828125
TAP,CDR_Length,cluster,mlp,all,cheap - esm2_mean,cheap,esm2_mean,20,0.06543603434006677,0.14666536641146252,0.069580078125
TAP,CDR_Length,cluster,mlp,all,esm2_cls - esm2_mean,esm2_cls,esm2_mean,20,-0.005074154280976216,0.14375595636848892,0.956329345703125
TAP,CDR_Length,cluster,mlp,all,esm2_max - esm2_mean,esm2_max,esm2_mean,20,0.06557725220999072,0.10008784792402345,0.013616561889648438
TAP,CDR_Length,cluster,mlp,all,esm2_mean+max - esm2_mean,esm2_mean+max,esm2_mean,20,0.06005894144021322,0.07292982648939648,0.0023250579833984375
TAP,PNC,cluster,linear,100,cheap - esm2_mean,cheap,esm2_mean,20,0.1029102530323244,0.09964728687085571,0.0001049041748046875
TAP,PNC,cluster,linear,100,esm2_cls - esm2_mean,esm2_cls,esm2_mean,20,-0.04146035632706955,0.10387349878267134,0.14290618896484375
TAP,PNC,cluster,linear,100,esm2_max - esm2_mean,esm2_max,esm2_mean,20,-0.11441137044089489,0.0966162846554417,0.0001049041748046875
TAP,PNC,cluster,linear,100,esm2_mean+max - esm2_mean,esm2_mean+max,esm2_mean,20,-0.009182819074893506,0.051295840529987556,0.47490501403808594
TAP,PNC,cluster,linear,150,cheap - esm2_mean,cheap,esm2_mean,20,0.09255174704282694,0.07134370641618526,3.814697265625e-06
TAP,PNC,cluster,linear,150,esm2_cls - esm2_mean,esm2_cls,esm2_mean,20,-0.0522683347089238,0.07693201769101976,0.0019855499267578125
TAP,PNC,cluster,linear,150,esm2_max - esm2_mean,esm2_max,esm2_mean,20,-0.1076767017605825,0.10454589210135729,0.0003223419189453125
TAP,PNC,cluster,linear,150,esm2_mean+max - esm2_mean,esm2_mean+max,esm2_mean,20,-0.022870069662352735,0.041069890659271156,0.03276824951171875
TAP,PNC,cluster,linear,25,cheap - esm2_mean,cheap,esm2_mean,20,0.09946697466825245,0.15760856693951814,0.00830841064453125
TAP,PNC,cluster,linear,25,esm2_cls - esm2_mean,esm2_cls,esm2_mean,20,-0.016052231197598396,0.08731657308581549,0.36827659606933594
TAP,PNC,cluster,linear,25,esm2_max - esm2_mean,esm2_max,esm2_mean,20,-0.042252119683724734,0.08139036977558615,0.13272666931152344
TAP,PNC,cluster,linear,25,esm2_mean+max - esm2_mean,esm2_mean+max,esm2_mean,20,0.0037055920539416443,0.037097445444149106,0.4304332733154297
TAP,PNC,cluster,linear,50,cheap - esm2_mean,cheap,esm2_mean,20,0.13359567241588224,0.1013267881226023,9.5367431640625e-06
TAP,PNC,cluster,linear,50,esm2_cls - esm2_mean,esm2_cls,esm2_mean,20,-0.025447752932682623,0.06775793609130987,0.17685317993164062
TAP,PNC,cluster,linear,50,esm2_max - esm2_mean,esm2_max,esm2_mean,20,-0.05816290597212672,0.08823165546108734,0.01531219482421875
TAP,PNC,cluster,linear,50,esm2_mean+max - esm2_mean,esm2_mean+max,esm2_mean,20,0.01549309914526241,0.048245049476573085,0.13272666931152344
TAP,PNC,cluster,linear,all,cheap - esm2_mean,cheap,esm2_mean,20,0.08729826206556209,0.08405957248559712,0.000133514404296875
TAP,PNC,cluster,linear,all,esm2_cls - esm2_mean,esm2_cls,esm2_mean,20,-0.042950480065492104,0.06072914732443722,0.005580902099609375
TAP,PNC,cluster,linear,all,esm2_max - esm2_mean,esm2_max,esm2_mean,20,-0.09770207997907199,0.09675789045201791,2.6702880859375e-05
TAP,PNC,cluster,linear,all,esm2_mean+max - esm2_mean,esm2_mean+max,esm2_mean,20,-0.022160959297127927,0.05700888403918999,0.1893482208251953
TAP,PNC,cluster,mlp,100,cheap - esm2_mean,cheap,esm2_mean,20,0.1001546908817346,0.170571982096318,0.017181396484375
TAP,PNC,cluster,mlp,100,esm2_cls - esm2_mean,esm2_cls,esm2_mean,20,-0.02268423307621374,0.15555301214395226,0.5458755493164062
TAP,PNC,cluster,mlp,100,esm2_max - esm2_mean,esm2_max,esm2_mean,20,-0.0979092660835407,0.1631356057376711,0.03276824951171875
TAP,PNC,cluster,mlp,100,esm2_mean+max - esm2_mean,esm2_mean+max,esm2_mean,20,-0.13843636536185153,0.1389901866594614,0.0003223419189453125
TAP,PNC,cluster,mlp,150,cheap - esm2_mean,cheap,esm2_mean,20,0.11103890058510786,0.10864589413227001,0.000209808349609375
TAP,PNC,cluster,mlp,150,esm2_cls - esm2_mean,esm2_cls,esm2_mean,20,-0.037653353203117655,0.11718150199468147,0.36827659606933594
TAP,PNC,cluster,mlp,150,esm2_max - esm2_mean,esm2_max,esm2_mean,20,-0.10594038211429029,0.18754861984982424,0.01923370361328125
TAP,PNC,cluster,mlp,150,esm2_mean+max - esm2_mean,esm2_mean+max,esm2_mean,20,-0.15239463721678054,0.15575107397243315,0.0004825592041015625
TAP,PNC,cluster,mlp,25,cheap - esm2_mean,cheap,esm2_mean,20,0.05692409433568374,0.17650657680880388,0.10539817810058594
TAP,PNC,cluster,mlp,25,esm2_cls - esm2_mean,esm2_cls,esm2_mean,20,0.012109575140983098,0.18898808642523054,0.8983173370361328
TAP,PNC,cluster,mlp,25,esm2_max - esm2_mean,esm2_max,esm2_mean,20,-0.006442445577695242,0.21183338862532966,0.9272785186767578
TAP,PNC,cluster,mlp,25,esm2_mean+max - esm2_mean,esm2_mean+max,esm2_mean,20,-0.058580927931992974,0.21642105326566718,0.20244979858398438
TAP,PNC,cluster,mlp,50,cheap - esm2_mean,cheap,esm2_mean,20,0.07088147152986994,0.1950618189618198,0.1230926513671875
TAP,PNC,cluster,mlp,50,esm2_cls - esm2_mean,esm2_cls,esm2_mean,20,-0.013875293010878717,0.1523362455866596,0.6476554870605469
TAP,PNC,cluster,mlp,50,esm2_max - esm2_mean,esm2_max,esm2_mean,20,-0.05510894110234408,0.18237162724175202,0.3117942810058594
TAP,PNC,cluster,mlp,50,esm2_mean+max - esm2_mean,esm2_mean+max,esm2_mean,20,-0.0797561845837349,0.17867932859578695,0.017181396484375
TAP,PNC,cluster,mlp,all,cheap - esm2_mean,cheap,esm2_mean,20,0.1440197152014669,0.12790073604814117,0.000133514404296875
TAP,PNC,cluster,mlp,all,esm2_cls - esm2_mean,esm2_cls,esm2_mean,20,-0.037160564412786166,0.08993938548633788,0.08969497680664062
TAP,PNC,cluster,mlp,all,esm2_max - esm2_mean,esm2_max,esm2_mean,20,-0.10705584723653265,0.21059670257249954,0.029575347900390625
TAP,PNC,cluster,mlp,all,esm2_mean+max - esm2_mean,esm2_mean+max,esm2_mean,20,-0.1085261775974263,0.1522036348433106,0.0072956085205078125
TAP,PPC,cluster,linear,100,cheap - esm2_mean,cheap,esm2_mean,20,0.0943305892338506,0.16503405376493643,0.021484375
TAP,PPC,cluster,linear,100,esm2_cls - esm2_mean,esm2_cls,esm2_mean,20,-0.031180798496657124,0.07931488042623432,0.082550048828125
TAP,PPC,cluster,linear,100,esm2_max - esm2_mean,esm2_max,esm2_mean,20,-0.11299248972206086,0.09912503989633253,0.000209808349609375
TAP,PPC,cluster,linear,100,esm2_mean+max - esm2_mean,esm2_mean+max,esm2_mean,20,-0.02459035408449064,0.04051410504410305,0.017181396484375
TAP,PPC,cluster,linear,150,cheap - esm2_mean,cheap,esm2_mean,20,0.06309221602982759,0.13510049663933066,0.06372261047363281
TAP,PPC,cluster,linear,150,esm2_cls - esm2_mean,esm2_cls,esm2_mean,20,-0.05050081285442367,0.07997643370635768,0.01531219482421875
TAP,PPC,cluster,linear,150,esm2_max - esm2_mean,esm2_max,esm2_mean,20,-0.13907557447756524,0.10262236167948989,4.76837158203125e-05
TAP,PPC,cluster,linear,150,esm2_mean+max - esm2_mean,esm2_mean+max,esm2_mean,20,-0.019338023547750747,0.042943773430343335,0.05316925048828125
TAP,PPC,cluster,linear,25,cheap - esm2_mean,cheap,esm2_mean,20,0.12686212357430496,0.16866804658931403,0.00830841064453125
TAP,PPC,cluster,linear,25,esm2_cls - esm2_mean,esm2_cls,esm2_mean,20,-0.014109867350439901,0.0982742187271625,0.6742229461669922
TAP,PPC,cluster,linear,25,esm2_max - esm2_mean,esm2_max,esm2_mean,20,-0.0005148707458039282,0.1095831740871396,0.7841262817382812
TAP,PPC,cluster,linear,25,esm2_mean+max - esm2_mean,esm2_mean+max,esm2_mean,20,-0.0013341643122789925,0.05170641766946255,1.0
TAP,PPC,cluster,linear,50,cheap - esm2_mean,cheap,esm2_mean,20,0.13687743595458984,0.1806221780313179,0.00365447998046875
TAP,PPC,cluster,linear,50,esm2_cls - esm2_mean,esm2_cls,esm2_mean,20,-0.013542603784888594,0.10789964040171177,0.5705966949462891
TAP,PPC,cluster,linear,50,esm2_max - esm2_mean,esm2_max,esm2_mean,20,-0.048614610820359574,0.06582481747445458,0.009435653686523438
TAP,PPC,cluster,linear,50,esm2_mean+max - esm2_mean,esm2_mean+max,esm2_mean,20,-0.0051470929899564005,0.048644509298038395,0.7285060882568359
TAP,PPC,cluster,linear,all,cheap - esm2_mean,cheap,esm2_mean,20,0.05519999028363837,0.13589478914086828,0.08969497680664062
TAP,PPC,cluster,linear,all,esm2_cls - esm2_mean,esm2_cls,esm2_mean,20,-0.05586433286677441,0.09377152310647717,0.01923370361328125
TAP,PPC,cluster,linear,all,esm2_max - esm2_mean,esm2_max,esm2_mean,20,-0.14783133039802354,0.09735132593375845,3.814697265625e-06
TAP,PPC,cluster,linear,all,esm2_mean+max - esm2_mean,esm2_mean+max,esm2_mean,20,-0.02893272566969356,0.04354251946333934,0.00830841064453125
TAP,PPC,cluster,mlp,100,cheap - esm2_mean,cheap,esm2_mean,20,0.04638735286731547,0.19374033841078944,0.38837623596191406
TAP,PPC,cluster,mlp,100,esm2_cls - esm2_mean,esm2_cls,esm2_mean,20,-0.002917117674279,0.11952747908660637,0.9272785186767578
TAP,PPC,cluster,mlp,100,esm2_max - esm2_mean,esm2_max,esm2_mean,20,-0.0951196632210928,0.187262088758629,0.082550048828125
TAP,PPC,cluster,mlp,100,esm2_mean+max - esm2_mean,esm2_mean+max,esm2_mean,20,0.009392067985764922,0.18167391484831655,1.0
TAP,PPC,cluster,mlp,150,cheap - esm2_mean,cheap,esm2_mean,20,0.09156131730871298,0.19731181898556371,0.0758514404296875
TAP,PPC,cluster,mlp,150,esm2_cls - esm2_mean,esm2_cls,esm2_mean,20,0.003645674213319446,0.14951126379337892,0.8694877624511719
TAP,PPC,cluster,mlp,150,esm2_max - esm2_mean,esm2_max,esm2_mean,20,-0.09388453675916235,0.17841183777576966,0.039989471435546875
TAP,PPC,cluster,mlp,150,esm2_mean+max - esm2_mean,esm2_mean+max,esm2_mean,20,0.017228085227249158,0.13207715243225704,0.40909767150878906
TAP,PPC,cluster,mlp,25,cheap - esm2_mean,cheap,esm2_mean,20,0.050525862724097204,0.20663999415935042,0.20244979858398438
TAP,PPC,cluster,mlp,25,esm2_cls - esm2_mean,esm2_cls,esm2_mean,20,0.008314361023671595,0.148649891408603,0.7841262817382812
TAP,PPC,cluster,mlp,25,esm2_max - esm2_mean,esm2_max,esm2_mean,20,-0.07337333188237434,0.1697132764247475,0.023950576782226562
TAP,PPC,cluster,mlp,25,esm2_mean+max - esm2_mean,esm2_mean+max,esm2_mean,20,0.003115608741437696,0.19216697692369464,0.9272785186767578
TAP,PPC,cluster,mlp,50,cheap - esm2_mean,cheap,esm2_mean,20,0.03350626058644003,0.19647360958514026,0.6476554870605469
TAP,PPC,cluster,mlp,50,esm2_cls - esm2_mean,esm2_cls,esm2_mean,20,0.015620761975752096,0.22088124492756653,1.0
TAP,PPC,cluster,mlp,50,esm2_max - esm2_mean,esm2_max,esm2_mean,20,-0.08900963330322072,0.2206706835178509,0.082550048828125
TAP,PPC,cluster,mlp,50,esm2_mean+max - esm2_mean,esm2_mean+max,esm2_mean,20,-0.011762809970759791,0.22111895032385262,0.7561664581298828
TAP,PPC,cluster,mlp,all,cheap - esm2_mean,cheap,esm2_mean,20,0.09636091940710809,0.16595162305822478,0.021484375
TAP,PPC,cluster,mlp,all,esm2_cls - esm2_mean,esm2_cls,esm2_mean,20,-0.0059923317561382874,0.12016608364861574,0.6742229461669922
TAP,PPC,cluster,mlp,all,esm2_max - esm2_mean,esm2_max,esm2_mean,20,-0.10027885171340833,0.17168909018331407,0.026641845703125
TAP,PPC,cluster,mlp,all,esm2_mean+max - esm2_mean,esm2_mean+max,esm2_mean,20,0.004122259792591516,0.1265027093889993,0.956329345703125
TAP,PSH,cluster,linear,100,cheap - esm2_mean,cheap,esm2_mean,20,0.003147501284473106,0.0820601534632022,0.47490501403808594
TAP,PSH,cluster,linear,100,esm2_cls - esm2_mean,esm2_cls,esm2_mean,20,-0.0787919544019563,0.06586155234658743,1.9073486328125e-05
TAP,PSH,cluster,linear,100,esm2_max - esm2_mean,esm2_max,esm2_mean,20,-0.04187457982232164,0.048935378565446344,0.0014324188232421875
TAP,PSH,cluster,linear,100,esm2_mean+max - esm2_mean,esm2_mean+max,esm2_mean,20,-0.005814286693314444,0.030272445403571484,0.5216732025146484
TAP,PSH,cluster,linear,150,cheap - esm2_mean,cheap,esm2_mean,20,0.017779513775578522,0.05444195507206241,0.20244979858398438
TAP,PSH,cluster,linear,150,esm2_cls - esm2_mean,esm2_cls,esm2_mean,20,-0.0683204802716903,0.06018273681872536,6.29425048828125e-05
TAP,PSH,cluster,linear,150,esm2_max - esm2_mean,esm2_max,esm2_mean,20,-0.04845101289975593,0.05430849306837862,0.0003223419189453125
TAP,PSH,cluster,linear,150,esm2_mean+max - esm2_mean,esm2_mean+max,esm2_mean,20,-0.0025445915564118655,0.03940088787307533,0.5958194732666016
TAP,PSH,cluster,linear,25,cheap - esm2_mean,cheap,esm2_mean,20,0.024195605128673026,0.13566026909308154,0.47490501403808594
TAP,PSH,cluster,linear,25,esm2_cls - esm2_mean,esm2_cls,esm2_mean,20,-0.03126316026345975,0.06996314763654135,0.11398696899414062
TAP,PSH,cluster,linear,25,esm2_max - esm2_mean,esm2_max,esm2_mean,20,0.008174146939712584,0.08077842228786132,0.8983173370361328
TAP,PSH,cluster,linear,25,esm2_mean+max - esm2_mean,esm2_mean+max,esm2_mean,20,0.009645264893325239,0.03971600422546698,0.21616744995117188
TAP,PSH,cluster,linear,50,cheap - esm2_mean,cheap,esm2_mean,20,0.022587186511702752,0.11403446148002294,0.4523754119873047
TAP,PSH,cluster,linear,50,esm2_cls - esm2_mean,esm2_cls,esm2_mean,20,-0.04418454891480557,0.05348153108153075,0.001209259033203125
TAP,PSH,cluster,linear,50,esm2_max - esm2_mean,esm2_max,esm2_mean,20,-0.016094035495078835,0.07619200628524554,0.47490501403808594
TAP,PSH,cluster,linear,50,esm2_mean+max - esm2_mean,esm2_mean+max,esm2_mean,20,0.0037475323041664802,0.04031977711482206,0.7011814117431641
TAP,PSH,cluster,linear,all,cheap - esm2_mean,cheap,esm2_mean,20,0.01586110021890956,0.0454363548372744,0.16495704650878906
TAP,PSH,cluster,linear,all,esm2_cls - esm2_mean,esm2_cls,esm2_mean,20,-0.05584582973738102,0.06304822149029919,0.0019855499267578125
TAP,PSH,cluster,linear,all,esm2_max - esm2_mean,esm2_max,esm2_mean,20,-0.05604680485915468,0.05780674829185148,0.0002613067626953125
TAP,PSH,cluster,linear,all,esm2_mean+max - esm2_mean,esm2_mean+max,esm2_mean,20,0.0002770941263531529,0.033085950504694615,0.7011814117431641
TAP,PSH,cluster,mlp,100,cheap - esm2_mean,cheap,esm2_mean,20,0.0758400115498831,0.1364859175904891,0.026641845703125
TAP,PSH,cluster,mlp,100,esm2_cls - esm2_mean,esm2_cls,esm2_mean,20,-0.03294456241327087,0.12999969817956766,0.38837623596191406
TAP,PSH,cluster,mlp,100,esm2_max - esm2_mean,esm2_max,esm2_mean,20,0.09213065484000776,0.09777204783843538,0.0005855560302734375
TAP,PSH,cluster,mlp,100,esm2_mean+max - esm2_mean,esm2_mean+max,esm2_mean,20,0.0505637960546048,0.05223292661688957,0.0004825592041015625
TAP,PSH,cluster,mlp,150,cheap - esm2_mean,cheap,esm2_mean,20,0.04265860365119436,0.16099053019263954,0.2773551940917969
TAP,PSH,cluster,mlp,150,esm2_cls - esm2_mean,esm2_cls,esm2_mean,20,-0.051289618991983345,0.10056268752826375,0.039989471435546875
TAP,PSH,cluster,mlp,150,esm2_max - esm2_mean,esm2_max,esm2_mean,20,0.03303418299801567,0.08695648225332456,0.11398696899414062
TAP,PSH,cluster,mlp,150,esm2_mean+max - esm2_mean,esm2_mean+max,esm2_mean,20,0.03190468404371228,0.05422295845651456,0.021484375
TAP,PSH,cluster,mlp,25,cheap - esm2_mean,cheap,esm2_mean,20,0.13860717231077266,0.16017464787222058,0.0007076263427734375
TAP,PSH,cluster,mlp,25,esm2_cls - esm2_mean,esm2_cls,esm2_mean,20,-0.026624254014791637,0.12935811325838756,0.49800872802734375
TAP,PSH,cluster,mlp,25,esm2_max - esm2_mean,esm2_max,esm2_mean,20,0.09686642664914623,0.12133210962813809,0.0014324188232421875
TAP,PSH,cluster,mlp,25,esm2_mean+max - esm2_mean,esm2_mean+max,esm2_mean,20,0.030726222200780008,0.09364987942069838,0.20244979858398438
TAP,PSH,cluster,mlp,50,cheap - esm2_mean,cheap,esm2_mean,20,0.14182820505821941,0.1707676418380603,0.0007076263427734375
TAP,PSH,cluster,mlp,50,esm2_cls - esm2_mean,esm2_cls,esm2_mean,20,-0.0027594483837676993,0.1347770033756908,1.0
TAP,PSH,cluster,mlp,50,esm2_max - esm2_mean,esm2_max,esm2_mean,20,0.1432299480763959,0.11055143911540655,3.814697265625e-06
TAP,PSH,cluster,mlp,50,esm2_mean+max - esm2_mean,esm2_mean+max,esm2_mean,20,0.05347729084635543,0.059837338544420575,0.0004825592041015625
TAP,PSH,cluster,mlp,all,cheap - esm2_mean,cheap,esm2_mean,20,0.0025349680534235185,0.13885058069106865,0.9854354858398438
TAP,PSH,cluster,mlp,all,esm2_cls - esm2_mean,esm2_cls,esm2_mean,20,-0.05953020604475736,0.0972105202700253,0.017181396484375
TAP,PSH,cluster,mlp,all,esm2_max - esm2_mean,esm2_max,esm2_mean,20,0.021494567112557976,0.08990417744571216,0.3299827575683594
TAP,PSH,cluster,mlp,all,esm2_mean+max - esm2_mean,esm2_mean+max,esm2_mean,20,0.030174700326562005,0.05967099756771476,0.05316925048828125
TAP,SFvCSP,cluster,linear,100,cheap - esm2_mean,cheap,esm2_mean,20,0.14834723051816323,0.07023069775599317,1.9073486328125e-06
TAP,SFvCSP,cluster,linear,100,esm2_cls - esm2_mean,esm2_cls,esm2_mean,20,-0.07444112999695038,0.06623925850693363,0.0002613067626953125
TAP,SFvCSP,cluster,linear,100,esm2_max - esm2_mean,esm2_max,esm2_mean,20,-0.1729965063178162,0.08773372076047846,1.9073486328125e-06
TAP,SFvCSP,cluster,linear,100,esm2_mean+max - esm2_mean,esm2_mean+max,esm2_mean,20,-0.019933765260745157,0.04180310979976594,0.029575347900390625
TAP,SFvCSP,cluster,linear,150,cheap - esm2_mean,cheap,esm2_mean,20,0.13628814364596162,0.07162696258688842,1.9073486328125e-06
TAP,SFvCSP,cluster,linear,150,esm2_cls - esm2_mean,esm2_cls,esm2_mean,20,-0.075793812001698,0.07798628199742126,0.000850677490234375
TAP,SFvCSP,cluster,linear,150,esm2_max - esm2_mean,esm2_max,esm2_mean,20,-0.14128016590440268,0.08826251837444092,1.9073486328125e-06
TAP,SFvCSP,cluster,linear,150,esm2_mean+max - esm2_mean,esm2_mean+max,esm2_mean,20,-0.012393907959635303,0.0353849164266408,0.15364646911621094
TAP,SFvCSP,cluster,linear,25,cheap - esm2_mean,cheap,esm2_mean,20,0.21380751998506525,0.07802740265683784,1.9073486328125e-06
TAP,SFvCSP,cluster,linear,25,esm2_cls - esm2_mean,esm2_cls,esm2_mean,20,-0.10215168271314519,0.09284182307373344,0.0001678466796875
TAP,SFvCSP,cluster,linear,25,esm2_max - esm2_mean,esm2_max,esm2_mean,20,-0.2052753957264076,0.11366949777946707,3.814697265625e-06
TAP,SFvCSP,cluster,linear,25,esm2_mean+max - esm2_mean,esm2_mean+max,esm2_mean,20,-0.042866401049737636,0.0416204572789877,8.20159912109375e-05
TAP,SFvCSP,cluster,linear,50,cheap - esm2_mean,cheap,esm2_mean,20,0.18006525518659508,0.09901579975882076,9.5367431640625e-06
TAP,SFvCSP,cluster,linear,50,esm2_cls - esm2_mean,esm2_cls,esm2_mean,20,-0.10637277113914534,0.11969574796703585,0.0003223419189453125
TAP,SFvCSP,cluster,linear,50,esm2_max - esm2_mean,esm2_max,esm2_mean,20,-0.20123614555687,0.1120554912501969,1.9073486328125e-06
TAP,SFvCSP,cluster,linear,50,esm2_mean+max - esm2_mean,esm2_mean+max,esm2_mean,20,-0.02639534907468728,0.05268400711886837,0.05316925048828125
TAP,SFvCSP,cluster,linear,all,cheap - esm2_mean,cheap,esm2_mean,20,0.13563505358518138,0.07380427590214468,1.9073486328125e-06
TAP,SFvCSP,cluster,linear,all,esm2_cls - esm2_mean,esm2_cls,esm2_mean,20,-0.0833634684634876,0.07154176199557934,0.000133514404296875
TAP,SFvCSP,cluster,linear,all,esm2_max - esm2_mean,esm2_max,esm2_mean,20,-0.1460980772299024,0.08797754992323972,5.7220458984375e-06
TAP,SFvCSP,cluster,linear,all,esm2_mean+max - esm2_mean,esm2_mean+max,esm2_mean,20,-0.016901155437020372,0.02561509631417752,0.017181396484375
TAP,SFvCSP,cluster,mlp,100,cheap - esm2_mean,cheap,esm2_mean,20,0.06973149910299624,0.09473751653249635,0.0042209625244140625
TAP,SFvCSP,cluster,mlp,100,esm2_cls - esm2_mean,esm2_cls,esm2_mean,20,-0.10439479142863853,0.09611451169056758,0.000133514404296875
TAP,SFvCSP,cluster,mlp,100,esm2_max - esm2_mean,esm2_max,esm2_mean,20,-0.2257735239527124,0.09380434450421561,1.9073486328125e-06
TAP,SFvCSP,cluster,mlp,100,esm2_mean+max - esm2_mean,esm2_mean+max,esm2_mean,20,-0.0523765849929673,0.05843460876835195,0.000850677490234375
TAP,SFvCSP,cluster,mlp,150,cheap - esm2_mean,cheap,esm2_mean,20,0.06461450207175345,0.0712643498697492,0.0004825592041015625
TAP,SFvCSP,cluster,mlp,150,esm2_cls - esm2_mean,esm2_cls,esm2_mean,20,-0.07574597655159496,0.07118486055287368,8.20159912109375e-05
TAP,SFvCSP,cluster,mlp,150,esm2_max - esm2_mean,esm2_max,esm2_mean,20,-0.18833654866086905,0.09559331566566479,1.9073486328125e-06
TAP,SFvCSP,cluster,mlp,150,esm2_mean+max - esm2_mean,esm2_mean+max,esm2_mean,20,-0.024562722021589996,0.049533274836942164,0.029575347900390625
TAP,SFvCSP,cluster,mlp,25,cheap - esm2_mean,cheap,esm2_mean,20,0.13691176174526182,0.12257818786295659,0.0002613067626953125
TAP,SFvCSP,cluster,mlp,25,esm2_cls - esm2_mean,esm2_cls,esm2_mean,20,-0.1177757706989963,0.11397046527034238,0.0001049041748046875
TAP,SFvCSP,cluster,mlp,25,esm2_max - esm2_mean,esm2_max,esm2_mean,20,-0.2249229385631227,0.12916688712429059,1.9073486328125e-06
TAP,SFvCSP,cluster,mlp,25,esm2_mean+max - esm2_mean,esm2_mean+max,esm2_mean,20,-0.06927138784781668,0.07882461650695019,0.0023250579833984375
TAP,SFvCSP,cluster,mlp,50,cheap - esm2_mean,cheap,esm2_mean,20,0.10609488815919603,0.08655225977214612,2.6702880859375e-05
TAP,SFvCSP,cluster,mlp,50,esm2_cls - esm2_mean,esm2_cls,esm2_mean,20,-0.10700762361723566,0.10377614481867882,4.76837158203125e-05
TAP,SFvCSP,cluster,mlp,50,esm2_max - esm2_mean,esm2_max,esm2_mean,20,-0.22563039758083278,0.09174711278058453,1.9073486328125e-06
TAP,SFvCSP,cluster,mlp,50,esm2_mean+max - esm2_mean,esm2_mean+max,esm2_mean,20,-0.048995718717941714,0.07317358755237051,0.0031528472900390625
TAP,SFvCSP,cluster,mlp,all,cheap - esm2_mean,cheap,esm2_mean,20,0.05790214748265874,0.07151861162396202,0.0023250579833984375
TAP,SFvCSP,cluster,mlp,all,esm2_cls - esm2_mean,esm2_cls,esm2_mean,20,-0.06687648851976671,0.07073501634882648,0.0003948211669921875
TAP,SFvCSP,cluster,mlp,all,esm2_max - esm2_mean,esm2_max,esm2_mean,20,-0.19724015652599144,0.0952743174330507,3.814697265625e-06
TAP,SFvCSP,cluster,mlp,all,esm2_mean+max - esm2_mean,esm2_mean+max,esm2_mean,20,-0.03437068979707406,0.05474618655496855,0.013616561889648438
SAbDab_Chen,developability,cluster,linear,100,esm2_cls - cheap,esm2_cls,cheap,20,-0.03966626068499528,0.06818507168172346,0.01531219482421875
SAbDab_Chen,developability,cluster,linear,100,esm2_max - cheap,esm2_max,cheap,20,-0.06026235044606576,0.07342608105589385,0.0019855499267578125
SAbDab_Chen,developability,cluster,linear,100,esm2_mean - cheap,esm2_mean,cheap,20,-0.05320638478683496,0.06519912749260091,0.0023250579833984375
SAbDab_Chen,developability,cluster,linear,100,esm2_mean+max - cheap,esm2_mean+max,cheap,20,-0.0440197711580684,0.06839643109500698,0.0072956085205078125
SAbDab_Chen,developability,cluster,linear,1000,esm2_cls - cheap,esm2_cls,cheap,20,-0.03515133496851007,0.0374399190590162,0.0003948211669921875
SAbDab_Chen,developability,cluster,linear,1000,esm2_max - cheap,esm2_max,cheap,20,-0.04026796495937786,0.04700952168449114,0.001689910888671875
SAbDab_Chen,developability,cluster,linear,1000,esm2_mean - cheap,esm2_mean,cheap,20,-0.0118357827382163,0.03728495287397082,0.13272666931152344
SAbDab_Chen,developability,cluster,linear,1000,esm2_mean+max - cheap,esm2_mean+max,cheap,20,-0.006766007804310586,0.03720395490486649,0.49800872802734375
SAbDab_Chen,developability,cluster,linear,200,esm2_cls - cheap,esm2_cls,cheap,20,-0.02887134021472011,0.05365228747369289,0.03623390197753906
SAbDab_Chen,developability,cluster,linear,200,esm2_max - cheap,esm2_max,cheap,20,-0.050254754491926325,0.0512163423056771,0.0005855560302734375
SAbDab_Chen,developability,cluster,linear,200,esm2_mean - cheap,esm2_mean,cheap,20,-0.03398733196824166,0.054824810828620445,0.013616561889648438
SAbDab_Chen,developability,cluster,linear,200,esm2_mean+max - cheap,esm2_mean+max,cheap,20,-0.030656279980656197,0.05178257966557361,0.012079238891601562
SAbDab_Chen,developability,cluster,linear,25,esm2_cls - cheap,esm2_cls,cheap,20,-0.0484298245268123,0.06107020809421361,0.0003948211669921875
SAbDab_Chen,developability,cluster,linear,25,esm2_max - cheap,esm2_max,cheap,20,-0.061065302554115665,0.06314241942906924,0.0001678466796875
SAbDab_Chen,developability,cluster,linear,25,esm2_mean - cheap,esm2_mean,cheap,20,-0.06552136364231656,0.06019419109035101,5.7220458984375e-06
SAbDab_Chen,developability,cluster,linear,25,esm2_mean+max - cheap,esm2_mean+max,cheap,20,-0.05698975978213468,0.055213111462716236,4.76837158203125e-05
SAbDab_Chen,developability,cluster,linear,50,esm2_cls - cheap,esm2_cls,cheap,20,-0.03250749893856388,0.0597216323374289,0.01923370361328125
SAbDab_Chen,developability,cluster,linear,50,esm2_max - cheap,esm2_max,cheap,20,-0.03838748067283872,0.056539432994140805,0.005580902099609375
SAbDab_Chen,developability,cluster,linear,50,esm2_mean - cheap,esm2_mean,cheap,20,-0.04328173941307016,0.06912259511008029,0.012079238891601562
SAbDab_Chen,developability,cluster,linear,50,esm2_mean+max - cheap,esm2_mean+max,cheap,20,-0.02816994294913285,0.05849757881711972,0.03276824951171875
SAbDab_Chen,developability,cluster,linear,500,esm2_cls - cheap,esm2_cls,cheap,20,-0.019168543332257714,0.061178755100645486,0.17685317993164062
SAbDab_Chen,developability,cluster,linear,500,esm2_max - cheap,esm2_max,cheap,20,-0.03146883623903719,0.04907545911009969,0.01531219482421875
SAbDab_Chen,developability,cluster,linear,500,esm2_mean - cheap,esm2_mean,cheap,20,-0.00591738729016954,0.04003168664284768,0.49800872802734375
SAbDab_Chen,developability,cluster,linear,500,esm2_mean+max - cheap,esm2_mean+max,cheap,20,-0.007212920317018695,0.04106856208384385,0.40909767150878906
SAbDab_Chen,developability,cluster,linear,all,esm2_cls - cheap,esm2_cls,cheap,20,-0.03936497413913376,0.03846089212587877,0.0004825592041015625
SAbDab_Chen,developability,cluster,linear,all,esm2_max - cheap,esm2_max,cheap,20,-0.06070625955272402,0.04782744455800622,3.814697265625e-06
SAbDab_Chen,developability,cluster,linear,all,esm2_mean - cheap,esm2_mean,cheap,20,-0.0050310655241803835,0.039511554004679685,0.6215133666992188
SAbDab_Chen,developability,cluster,linear,all,esm2_mean+max - cheap,esm2_mean+max,cheap,20,-0.017020139726208305,0.03669523106064713,0.04844093322753906
SAbDab_Chen,developability,cluster,mlp,100,esm2_cls - cheap,esm2_cls,cheap,20,-0.01993783311925182,0.0612747037817074,0.21616744995117188
SAbDab_Chen,developability,cluster,mlp,100,esm2_max - cheap,esm2_max,cheap,20,-0.039324644391365585,0.06855642676081664,0.00365447998046875
SAbDab_Chen,developability,cluster,mlp,100,esm2_mean - cheap,esm2_mean,cheap,20,-0.0247417735092265,0.058099784601684516,0.069580078125
SAbDab_Chen,developability,cluster,mlp,100,esm2_mean+max - cheap,esm2_mean+max,cheap,20,-0.035807825969618734,0.06792090636477638,0.03623390197753906
SAbDab_Chen,developability,cluster,mlp,1000,esm2_cls - cheap,esm2_cls,cheap,20,-0.011987274788066993,0.04804668179862763,0.1230926513671875
SAbDab_Chen,developability,cluster,mlp,1000,esm2_max - cheap,esm2_max,cheap,20,-0.025567568752945653,0.04429273249183145,0.03623390197753906
SAbDab_Chen,developability,cluster,mlp,1000,esm2_mean - cheap,esm2_mean,cheap,20,0.00601899281891422,0.037605812442758145,0.2305126190185547
SAbDab_Chen,developability,cluster,mlp,1000,esm2_mean+max - cheap,esm2_mean+max,cheap,20,0.010865318692461833,0.04471615876659187,0.15364646911621094
SAbDab_Chen,developability,cluster,mlp,200,esm2_cls - cheap,esm2_cls,cheap,20,-0.013923040552017629,0.04814030476124615,0.2773551940917969
SAbDab_Chen,developability,cluster,mlp,200,esm2_max - cheap,esm2_max,cheap,20,-0.02897199795051769,0.05183977053055891,0.01923370361328125
SAbDab_Chen,developability,cluster,mlp,200,esm2_mean - cheap,esm2_mean,cheap,20,-0.01434731269929206,0.048198958072320115,0.3117942810058594
SAbDab_Chen,developability,cluster,mlp,200,esm2_mean+max - cheap,esm2_mean+max,cheap,20,-0.015522313793868314,0.04501622085963947,0.2942523956298828
SAbDab_Chen,developability,cluster,mlp,25,esm2_cls - cheap,esm2_cls,cheap,20,0.0012495386650711066,0.06445737566178313,0.9272785186767578
SAbDab_Chen,developability,cluster,mlp,25,esm2_max - cheap,esm2_max,cheap,20,-0.023893606198123286,0.0553890060528115,0.06372261047363281
SAbDab_Chen,developability,cluster,mlp,25,esm2_mean - cheap,esm2_mean,cheap,20,-0.013672701786527372,0.08578328296907019,0.40909767150878906
SAbDab_Chen,developability,cluster,mlp,25,esm2_mean+max - cheap,esm2_mean+max,cheap,20,-0.028439739747568415,0.07780782806081864,0.069580078125
SAbDab_Chen,developability,cluster,mlp,50,esm2_cls - cheap,esm2_cls,cheap,20,-0.00783507519055485,0.06482449866857169,0.5958194732666016
SAbDab_Chen,developability,cluster,mlp,50,esm2_max - cheap,esm2_max,cheap,20,-0.018410129188484607,0.058126328035239254,0.17685317993164062
SAbDab_Chen,developability,cluster,mlp,50,esm2_mean - cheap,esm2_mean,cheap,20,-0.021477713991292863,0.06262563410724346,0.21616744995117188
SAbDab_Chen,developability,cluster,mlp,50,esm2_mean+max - cheap,esm2_mean+max,cheap,20,-0.025795582130310274,0.07951748784514268,0.2305126190185547
SAbDab_Chen,developability,cluster,mlp,500,esm2_cls - cheap,esm2_cls,cheap,20,-0.002507236783352557,0.04771335863303521,0.5705966949462891
SAbDab_Chen,developability,cluster,mlp,500,esm2_max - cheap,esm2_max,cheap,20,-0.03139710561247439,0.05652493141868292,0.017181396484375
SAbDab_Chen,developability,cluster,mlp,500,esm2_mean - cheap,esm2_mean,cheap,20,-0.0011656261695080273,0.050296886574317676,0.6215133666992188
SAbDab_Chen,developability,cluster,mlp,500,esm2_mean+max - cheap,esm2_mean+max,cheap,20,-0.005808756183373748,0.05670060121995136,0.4304332733154297
SAbDab_Chen,developability,cluster,mlp,all,esm2_cls - cheap,esm2_cls,cheap,20,0.00898762396794267,0.036887546436293425,0.47490501403808594
SAbDab_Chen,developability,cluster,mlp,all,esm2_max - cheap,esm2_max,cheap,20,-0.004791242308552562,0.04041065620144814,0.5705966949462891
SAbDab_Chen,developability,cluster,mlp,all,esm2_mean - cheap,esm2_mean,cheap,20,0.026381440153193512,0.02786182093301075,0.000850677490234375
SAbDab_Chen,developability,cluster,mlp,all,esm2_mean+max - cheap,esm2_mean+max,cheap,20,0.020525183161807355,0.04264578520722662,0.04844093322753906
TAP,CDR_Length,cluster,linear,100,esm2_cls - cheap,esm2_cls,cheap,20,-0.14008848556736564,0.039038062956760725,1.9073486328125e-06
TAP,CDR_Length,cluster,linear,100,esm2_max - cheap,esm2_max,cheap,20,-0.143375809436475,0.050709197906325096,1.9073486328125e-06
TAP,CDR_Length,cluster,linear,100,esm2_mean - cheap,esm2_mean,cheap,20,-0.05384222152363061,0.01780206162260321,1.9073486328125e-06
TAP,CDR_Length,cluster,linear,100,esm2_mean+max - cheap,esm2_mean+max,cheap,20,-0.0684188445665788,0.026334618150338565,1.9073486328125e-06
TAP,CDR_Length,cluster,linear,150,esm2_cls - cheap,esm2_cls,cheap,20,-0.0868412702229042,0.023650867960874105,1.9073486328125e-06
TAP,CDR_Length,cluster,linear,150,esm2_max - cheap,esm2_max,cheap,20,-0.10256856611278294,0.036521275585084195,1.9073486328125e-06
TAP,CDR_Length,cluster,linear,150,esm2_mean - cheap,esm2_mean,cheap,20,-0.03146198102225541,0.01175237782883756,1.9073486328125e-06
TAP,CDR_Length,cluster,linear,150,esm2_mean+max - cheap,esm2_mean+max,cheap,20,-0.04361179310190292,0.013665875713021875,1.9073486328125e-06
TAP,CDR_Length,cluster,linear,25,esm2_cls - cheap,esm2_cls,cheap,20,-0.3285614412944439,0.1459141348714472,1.9073486328125e-06
TAP,CDR_Length,cluster,linear,25,esm2_max - cheap,esm2_max,cheap,20,-0.3166873486644798,0.166209159895452,1.9073486328125e-06
TAP,CDR_Length,cluster,linear,25,esm2_mean - cheap,esm2_mean,cheap,20,-0.13529284453539117,0.16508997645552217,0.0007076263427734375
TAP,CDR_Length,cluster,linear,25,esm2_mean+max - cheap,esm2_mean+max,cheap,20,-0.19936537853565675,0.16960123073394975,9.5367431640625e-06
TAP,CDR_Length,cluster,linear,50,esm2_cls - cheap,esm2_cls,cheap,20,-0.21714824039359418,0.10985043263140273,1.9073486328125e-06
TAP,CDR_Length,cluster,linear,50,esm2_max - cheap,esm2_max,cheap,20,-0.19512389989277207,0.0880003041157108,1.9073486328125e-06
TAP,CDR_Length,cluster,linear,50,esm2_mean - cheap,esm2_mean,cheap,20,-0.05411651358479984,0.07343071282587138,0.01068878173828125
TAP,CDR_Length,cluster,linear,50,esm2_mean+max - cheap,esm2_mean+max,cheap,20,-0.09066808538191132,0.08180843259317835,4.76837158203125e-05
TAP,CDR_Length,cluster,linear,all,esm2_cls - cheap,esm2_cls,cheap,20,-0.06991150878790042,0.02022365867577772,1.9073486328125e-06
TAP,CDR_Length,cluster,linear,all,esm2_max - cheap,esm2_max,cheap,20,-0.08788572343396879,0.033655358963524895,1.9073486328125e-06
TAP,CDR_Length,cluster,linear,all,esm2_mean - cheap,esm2_mean,cheap,20,-0.026461572905330143,0.007585433950589363,1.9073486328125e-06
TAP,CDR_Length,cluster,linear,all,esm2_mean+max - cheap,esm2_mean+max,cheap,20,-0.03903936338934037,0.012322368464864205,1.9073486328125e-06
TAP,CDR_Length,cluster,mlp,100,esm2_cls - cheap,esm2_cls,cheap,20,-0.09148708808810442,0.23140057385734872,0.10539817810058594
TAP,CDR_Length,cluster,mlp,100,esm2_max - cheap,esm2_max,cheap,20,0.007834046493038791,0.17216965745391655,0.8408222198486328
TAP,CDR_Length,cluster,mlp,100,esm2_mean - cheap,esm2_mean,cheap,20,-0.05312239614181381,0.18231947020330166,0.17685317993164062
TAP,CDR_Length,cluster,mlp,100,esm2_mean+max - cheap,esm2_mean+max,cheap,20,-0.024202926645239608,0.18322278922214666,0.7561664581298828
TAP,CDR_Length,cluster,mlp,150,esm2_cls - cheap,esm2_cls,cheap,20,-0.1031152589328435,0.2023222856165613,0.10539817810058594
TAP,CDR_Length,cluster,mlp,150,esm2_max - cheap,esm2_max,cheap,20,-0.030899712220853314,0.15878137949957188,0.40909767150878906
TAP,CDR_Length,cluster,mlp,150,esm2_mean - cheap,esm2_mean,cheap,20,-0.09517472903768824,0.16358917793798267,0.017181396484375
TAP,CDR_Length,cluster,mlp,150,esm2_mean+max - cheap,esm2_mean+max,cheap,20,-0.0430121374973521,0.18379450912179238,0.4523754119873047
TAP,CDR_Length,cluster,mlp,25,esm2_cls - cheap,esm2_cls,cheap,20,-0.09575332922731014,0.22617543139663385,0.082550048828125
TAP,CDR_Length,cluster,mlp,25,esm2_max - cheap,esm2_max,cheap,20,-0.01816711276184993,0.2189635148249302,0.8123550415039062
TAP,CDR_Length,cluster,mlp,25,esm2_mean - cheap,esm2_mean,cheap,20,-0.10394638007198753,0.22932959400026315,0.08969497680664062
TAP,CDR_Length,cluster,mlp,25,esm2_mean+max - cheap,esm2_mean+max,cheap,20,-0.08059867158877351,0.2522532078280181,0.21616744995117188
TAP,CDR_Length,cluster,mlp,50,esm2_cls - cheap,esm2_cls,cheap,20,-0.15013130161614205,0.19924669064644931,0.00485992431640625
TAP,CDR_Length,cluster,mlp,50,esm2_max - cheap,esm2_max,cheap,20,-0.045206335645741065,0.1685577596873038,0.36827659606933594
TAP,CDR_Length,cluster,mlp,50,esm2_mean - cheap,esm2_mean,cheap,20,-0.1584539495686818,0.19579017221182496,0.0014324188232421875
TAP,CDR_Length,cluster,mlp,50,esm2_mean+max - cheap,esm2_mean+max,cheap,20,-0.11920176731260412,0.18767358537287573,0.00830841064453125
TAP,CDR_Length,cluster,mlp,all,esm2_cls - cheap,esm2_cls,cheap,20,-0.070510188621043,0.20092006130420548,0.2773551940917969
TAP,CDR_Length,cluster,mlp,all,esm2_max - cheap,esm2_max,cheap,20,0.00014121786992394442,0.14752497980264836,0.8983173370361328
TAP,CDR_Length,cluster,mlp,all,esm2_mean - cheap,esm2_mean,cheap,20,-0.06543603434006677,0.14666536641146252,0.069580078125
TAP,CDR_Length,cluster,mlp,all,esm2_mean+max - cheap,esm2_mean+max,cheap,20,-0.005377092899853571,0.16209559682239263,0.956329345703125
TAP,PNC,cluster,linear,100,esm2_cls - cheap,esm2_cls,cheap,20,-0.14437060935939391,0.11222380405784231,3.62396240234375e-05
TAP,PNC,cluster,linear,100,esm2_max - cheap,esm2_max,cheap,20,-0.21732162347321923,0.12274488355069658,3.814697265625e-06
TAP,PNC,cluster,linear,100,esm2_mean - cheap,esm2_mean,cheap,20,-0.1029102530323244,0.09964728687085571,0.0001049041748046875
TAP,PNC,cluster,linear,100,esm2_mean+max - cheap,esm2_mean+max,cheap,20,-0.1120930721072179,0.10643238100510177,0.000850677490234375
TAP,PNC,cluster,linear,150,esm2_cls - cheap,esm2_cls,cheap,20,-0.14482008175175076,0.0882800535224427,1.9073486328125e-06
TAP,PNC,cluster,linear,150,esm2_max - cheap,esm2_max,cheap,20,-0.20022844880340945,0.1327529156864163,3.814697265625e-06
TAP,PNC,cluster,linear,150,esm2_mean - cheap,esm2_mean,cheap,20,-0.09255174704282694,0.07134370641618526,3.814697265625e-06
TAP,PNC,cluster,linear,150,esm2_mean+max - cheap,esm2_mean+max,cheap,20,-0.11542181670517968,0.08474025444272933,1.33514404296875e-05
TAP,PNC,cluster,linear,25,esm2_cls - cheap,esm2_cls,cheap,20,-0.11551920586585081,0.13143540643136686,0.0014324188232421875
TAP,PNC,cluster,linear,25,esm2_max - cheap,esm2_max,cheap,20,-0.14171909435197716,0.16270575047041952,0.0005855560302734375
TAP,PNC,cluster,linear,25,esm2_mean - cheap,esm2_mean,cheap,20,-0.09946697466825245,0.15760856693951814,0.00830841064453125
TAP,PNC,cluster,linear,25,esm2_mean+max - cheap,esm2_mean+max,cheap,20,-0.0957613826143108,0.16475315590564463,0.01531219482421875
TAP,PNC,cluster,linear,50,esm2_cls - cheap,esm2_cls,cheap,20,-0.1590434253485649,0.09384141040119279,9.5367431640625e-06
TAP,PNC,cluster,linear,50,esm2_max - cheap,esm2_max,cheap,20,-0.19175857838800897,0.11821377109983626,9.5367431640625e-06
TAP,PNC,cluster,linear,50,esm2_mean - cheap,esm2_mean,cheap,20,-0.13359567241588224,0.1013267881226023,9.5367431640625e-06
TAP,PNC,cluster,linear,50,esm2_mean+max - cheap,esm2_mean+max,cheap,20,-0.11810257327061983,0.11482606028429003,0.0005855560302734375
TAP,PNC,cluster,linear,all,esm2_cls - cheap,esm2_cls,cheap,20,-0.13024874213105417,0.09812468484187443,1.33514404296875e-05
TAP,PNC,cluster,linear,all,esm2_max - cheap,esm2_max,cheap,20,-0.18500034204463406,0.1276803969933124,1.33514404296875e-05
TAP,PNC,cluster,linear,all,esm2_mean - cheap,esm2_mean,cheap,20,-0.08729826206556209,0.08405957248559712,0.000133514404296875
TAP,PNC,cluster,linear,all,esm2_mean+max - cheap,esm2_mean+max,cheap,20,-0.10945922136269001,0.09858368408166701,0.0001049041748046875
TAP,PNC,cluster,mlp,100,esm2_cls - cheap,esm2_cls,cheap,20,-0.12283892395794835,0.1811514983168167,0.0042209625244140625
TAP,PNC,cluster,mlp,100,esm2_max - cheap,esm2_max,cheap,20,-0.1980639569652753,0.23976198721591457,0.001689910888671875
TAP,PNC,cluster,mlp,100,esm2_mean - cheap,esm2_mean,cheap,20,-0.1001546908817346,0.170571982096318,0.017181396484375
TAP,PNC,cluster,mlp,100,esm2_mean+max - cheap,esm2_mean+max,cheap,20,-0.2385910562435861,0.1590429670464931,3.814697265625e-06
TAP,PNC,cluster,mlp,150,esm2_cls - cheap,esm2_cls,cheap,20,-0.1486922537882255,0.12229577833404336,1.33514404296875e-05
TAP,PNC,cluster,mlp,150,esm2_max - cheap,esm2_max,cheap,20,-0.2169792826993982,0.227540309293413,0.0007076263427734375
TAP,PNC,cluster,mlp,150,esm2_mean - cheap,esm2_mean,cheap,20,-0.11103890058510786,0.10864589413227001,0.000209808349609375
TAP,PNC,cluster,mlp,150,esm2_mean+max - cheap,esm2_mean+max,cheap,20,-0.2634335378018884,0.16586270341416964,3.814697265625e-06
TAP,PNC,cluster,mlp,25,esm2_cls - cheap,esm2_cls,cheap,20,-0.044814519194700635,0.1978285861679082,0.3299827575683594
TAP,PNC,cluster,mlp,25,esm2_max - cheap,esm2_max,cheap,20,-0.06336653991337897,0.2686659901737782,0.34881019592285156
TAP,PNC,cluster,mlp,25,esm2_mean - cheap,esm2_mean,cheap,20,-0.05692409433568374,0.17650657680880388,0.10539817810058594
TAP,PNC,cluster,mlp,25,esm2_mean+max - cheap,esm2_mean+max,cheap,20,-0.11550502226767671,0.18070285864950625,0.0072956085205078125
TAP,PNC,cluster,mlp,50,esm2_cls - cheap,esm2_cls,cheap,20,-0.08475676454074867,0.23001672893920402,0.0758514404296875
TAP,PNC,cluster,mlp,50,esm2_max - cheap,esm2_max,cheap,20,-0.12599041263221405,0.2800889645136384,0.069580078125
TAP,PNC,cluster,mlp,50,esm2_mean - cheap,esm2_mean,cheap,20,-0.07088147152986994,0.1950618189618198,0.1230926513671875
TAP,PNC,cluster,mlp,50,esm2_mean+max - cheap,esm2_mean+max,cheap,20,-0.15063765611360486,0.21647093132965076,0.012079238891601562
TAP,PNC,cluster,mlp,all,esm2_cls - cheap,esm2_cls,cheap,20,-0.18118027961425306,0.12569335313195748,1.9073486328125e-05
TAP,PNC,cluster,mlp,all,esm2_max - cheap,esm2_max,cheap,20,-0.25107556243799956,0.23999191599811903,0.000133514404296875
TAP,PNC,cluster,mlp,all,esm2_mean - cheap,esm2_mean,cheap,20,-0.1440197152014669,0.12790073604814117,0.000133514404296875
TAP,PNC,cluster,mlp,all,esm2_mean+max - cheap,esm2_mean+max,cheap,20,-0.2525458927988932,0.16596752655063424,1.9073486328125e-06
TAP,PPC,cluster,linear,100,esm2_cls - cheap,esm2_cls,cheap,20,-0.1255113877305077,0.13506464862842385,0.0004825592041015625
TAP,PPC,cluster,linear,100,esm2_max - cheap,esm2_max,cheap,20,-0.20732307895591143,0.1780116548539968,3.62396240234375e-05
TAP,PPC,cluster,linear,100,esm2_mean - cheap,esm2_mean,cheap,20,-0.0943305892338506,0.16503405376493643,0.021484375
TAP,PPC,cluster,linear,100,esm2_mean+max - cheap,esm2_mean+max,cheap,20,-0.11892094331834122,0.16961439201666992,0.00830841064453125
TAP,PPC,cluster,linear,150,esm2_cls - cheap,esm2_cls,cheap,20,-0.11359302888425127,0.13461956835146643,0.002712249755859375
TAP,PPC,cluster,linear,150,esm2_max - cheap,esm2_max,cheap,20,-0.2021677905073928,0.16781523132293677,0.0001049041748046875
TAP,PPC,cluster,linear,150,esm2_mean - cheap,esm2_mean,cheap,20,-0.06309221602982759,0.13510049663933066,0.06372261047363281
TAP,PPC,cluster,linear,150,esm2_mean+max - cheap,esm2_mean+max,cheap,20,-0.08243023957757836,0.14302168562265433,0.009435653686523438
TAP,PPC,cluster,linear,25,esm2_cls - cheap,esm2_cls,cheap,20,-0.14097199092474488,0.1813243693972756,0.0031528472900390625
TAP,PPC,cluster,linear,25,esm2_max - cheap,esm2_max,cheap,20,-0.1273769943201089,0.22974604825022418,0.03623390197753906
TAP,PPC,cluster,linear,25,esm2_mean - cheap,esm2_mean,cheap,20,-0.12686212357430496,0.16866804658931403,0.00830841064453125
TAP,PPC,cluster,linear,25,esm2_mean+max - cheap,esm2_mean+max,cheap,20,-0.12819628788658394,0.19709021762688675,0.012079238891601562
TAP,PPC,cluster,linear,50,esm2_cls - cheap,esm2_cls,cheap,20,-0.15042003973947843,0.1735805254426224,0.0014324188232421875
TAP,PPC,cluster,linear,50,esm2_max - cheap,esm2_max,cheap,20,-0.1854920467749494,0.20461579534589924,0.0014324188232421875
TAP,PPC,cluster,linear,50,esm2_mean - cheap,esm2_mean,cheap,20,-0.13687743595458984,0.1806221780313179,0.00365447998046875
TAP,PPC,cluster,linear,50,esm2_mean+max - cheap,esm2_mean+max,cheap,20,-0.14202452894454623,0.19883188151739073,0.0072956085205078125
TAP,PPC,cluster,linear,all,esm2_cls - cheap,esm2_cls,cheap,20,-0.11106432315041274,0.12011010442208458,0.000850677490234375
TAP,PPC,cluster,linear,all,esm2_max - cheap,esm2_max,cheap,20,-0.20303132068166194,0.16657939152172865,4.76837158203125e-05
TAP,PPC,cluster,linear,all,esm2_mean - cheap,esm2_mean,cheap,20,-0.05519999028363837,0.13589478914086828,0.08969497680664062
TAP,PPC,cluster,linear,all,esm2_mean+max - cheap,esm2_mean+max,cheap,20,-0.08413271595333191,0.14716266086780597,0.021484375
TAP,PPC,cluster,mlp,100,esm2_cls - cheap,esm2_cls,cheap,20,-0.04930447054159446,0.19640477142407162,0.38837623596191406
TAP,PPC,cluster,mlp,100,esm2_max - cheap,esm2_max,cheap,20,-0.14150701608840827,0.17741644278397778,0.0019855499267578125
TAP,PPC,cluster,mlp,100,esm2_mean - cheap,esm2_mean,cheap,20,-0.04638735286731547,0.19374033841078944,0.38837623596191406
TAP,PPC,cluster,mlp,100,esm2_mean+max - cheap,esm2_mean+max,cheap,20,-0.03699528488155053,0.19523331641618547,0.26109886169433594
TAP,PPC,cluster,mlp,150,esm2_cls - cheap,esm2_cls,cheap,20,-0.08791564309539356,0.21953488080621253,0.082550048828125
TAP,PPC,cluster,mlp,150,esm2_max - cheap,esm2_max,cheap,20,-0.18544585406787534,0.1794995719505407,0.0004825592041015625
TAP,PPC,cluster,mlp,150,esm2_mean - cheap,esm2_mean,cheap,20,-0.09156131730871298,0.19731181898556371,0.0758514404296875
TAP,PPC,cluster,mlp,150,esm2_mean+max - cheap,esm2_mean+max,cheap,20,-0.07433323208146383,0.152997539615353,0.03623390197753906
TAP,PPC,cluster,mlp,25,esm2_cls - cheap,esm2_cls,cheap,20,-0.042211501700425626,0.22049789995988126,0.4523754119873047
TAP,PPC,cluster,mlp,25,esm2_max - cheap,esm2_max,cheap,20,-0.12389919460647156,0.20737842623922526,0.023950576782226562
TAP,PPC,cluster,mlp,25,esm2_mean - cheap,esm2_mean,cheap,20,-0.050525862724097204,0.20663999415935042,0.20244979858398438
TAP,PPC,cluster,mlp,25,esm2_mean+max - cheap,esm2_mean+max,cheap,20,-0.04741025398265953,0.2375970264386619,0.2773551940917969
TAP,PPC,cluster,mlp,50,esm2_cls - cheap,esm2_cls,cheap,20,-0.017885498610687934,0.24877593593895742,0.7841262817382812
TAP,PPC,cluster,mlp,50,esm2_max - cheap,esm2_max,cheap,20,-0.12251589388966075,0.21794387837326004,0.021484375
TAP,PPC,cluster,mlp,50,esm2_mean - cheap,esm2_mean,cheap,20,-0.03350626058644003,0.19647360958514026,0.6476554870605469
TAP,PPC,cluster,mlp,50,esm2_mean+max - cheap,esm2_mean+max,cheap,20,-0.04526907055719983,0.18180154794277906,0.2773551940917969
TAP,PPC,cluster,mlp,all,esm2_cls - cheap,esm2_cls,cheap,20,-0.10235325116324637,0.20337933702583033,0.023950576782226562
TAP,PPC,cluster,mlp,all,esm2_max - cheap,esm2_max,cheap,20,-0.19663977112051642,0.16122947688796171,0.0001049041748046875
TAP,PPC,cluster,mlp,all,esm2_mean - cheap,esm2_mean,cheap,20,-0.09636091940710809,0.16595162305822478,0.021484375
TAP,PPC,cluster,mlp,all,esm2_mean+max - cheap,esm2_mean+max,cheap,20,-0.09223865961451659,0.16338086671289745,0.01923370361328125
TAP,PSH,cluster,linear,100,esm2_cls - cheap,esm2_cls,cheap,20,-0.08193945568642941,0.10931975794636506,0.0019855499267578125
TAP,PSH,cluster,linear,100,esm2_max - cheap,esm2_max,cheap,20,-0.04502208110679475,0.09955813100332692,0.06372261047363281
TAP,PSH,cluster,linear,100,esm2_mean - cheap,esm2_mean,cheap,20,-0.003147501284473106,0.0820601534632022,0.47490501403808594
TAP,PSH,cluster,linear,100,esm2_mean+max - cheap,esm2_mean+max,cheap,20,-0.00896178797778755,0.09082421237142677,0.5458755493164062
TAP,PSH,cluster,linear,150,esm2_cls - cheap,esm2_cls,cheap,20,-0.08609999404726883,0.08479369399897153,4.76837158203125e-05
TAP,PSH,cluster,linear,150,esm2_max - cheap,esm2_max,cheap,20,-0.06623052667533447,0.07690659687289897,0.002712249755859375
TAP,PSH,cluster,linear,150,esm2_mean - cheap,esm2_mean,cheap,20,-0.017779513775578522,0.05444195507206241,0.20244979858398438
TAP,PSH,cluster,linear,150,esm2_mean+max - cheap,esm2_mean+max,cheap,20,-0.020324105331990385,0.06782290101763708,0.24548721313476562
TAP,PSH,cluster,linear,25,esm2_cls - cheap,esm2_cls,cheap,20,-0.05545876539213277,0.1466801656781862,0.1230926513671875
TAP,PSH,cluster,linear,25,esm2_max - cheap,esm2_max,cheap,20,-0.01602145818896044,0.14760404889676634,0.6742229461669922
TAP,PSH,cluster,linear,25,esm2_mean - cheap,esm2_mean,cheap,20,-0.024195605128673026,0.13566026909308154,0.47490501403808594
TAP,PSH,cluster,linear,25,esm2_mean+max - cheap,esm2_mean+max,cheap,20,-0.014550340235347792,0.13984611058502758,0.5458755493164062
TAP,PSH,cluster,linear,50,esm2_cls - cheap,esm2_cls,cheap,20,-0.06677173542650831,0.13310749332124538,0.03623390197753906
TAP,PSH,cluster,linear,50,esm2_max - cheap,esm2_max,cheap,20,-0.038681222006781577,0.13507203239916643,0.16495704650878906
TAP,PSH,cluster,linear,50,esm2_mean - cheap,esm2_mean,cheap,20,-0.022587186511702752,0.11403446148002294,0.4523754119873047
TAP,PSH,cluster,linear,50,esm2_mean+max - cheap,esm2_mean+max,cheap,20,-0.01883965420753627,0.11728177910538391,0.40909767150878906
TAP,PSH,cluster,linear,all,esm2_cls - cheap,esm2_cls,cheap,20,-0.07170692995629058,0.07487726648897068,0.0004825592041015625
TAP,PSH,cluster,linear,all,esm2_max - cheap,esm2_max,cheap,20,-0.07190790507806426,0.06948732386354332,0.0001678466796875
TAP,PSH,cluster,linear,all,esm2_mean - cheap,esm2_mean,cheap,20,-0.01586110021890956,0.0454363548372744,0.16495704650878906
TAP,PSH,cluster,linear,all,esm2_mean+max - cheap,esm2_mean+max,cheap,20,-0.015584006092556408,0.05057648950749476,0.2305126190185547
TAP,PSH,cluster,mlp,100,esm2_cls - cheap,esm2_cls,cheap,20,-0.10878457396315397,0.19114263196808903,0.012079238891601562
TAP,PSH,cluster,mlp,100,esm2_max - cheap,esm2_max,cheap,20,0.016290643290124675,0.16432451456003702,0.6742229461669922
TAP,PSH,cluster,mlp,100,esm2_mean - cheap,esm2_mean,cheap,20,-0.0758400115498831,0.1364859175904891,0.026641845703125
TAP,PSH,cluster,mlp,100,esm2_mean+max - cheap,esm2_mean+max,cheap,20,-0.0252762154952783,0.15637570912941307,0.49800872802734375
TAP,PSH,cluster,mlp,150,esm2_cls - cheap,esm2_cls,cheap,20,-0.09394822264317773,0.17886642752608847,0.04405403137207031
TAP,PSH,cluster,mlp,150,esm2_max - cheap,esm2_max,cheap,20,-0.009624420653178697,0.1781280292077791,0.8694877624511719
TAP,PSH,cluster,mlp,150,esm2_mean - cheap,esm2_mean,cheap,20,-0.04265860365119436,0.16099053019263954,0.2773551940917969
TAP,PSH,cluster,mlp,150,esm2_mean+max - cheap,esm2_mean+max,cheap,20,-0.010753919607482088,0.18557955970139808,0.8408222198486328
TAP,PSH,cluster,mlp,25,esm2_cls - cheap,esm2_cls,cheap,20,-0.16523142632556428,0.18585699043452567,0.0010166168212890625
TAP,PSH,cluster,mlp,25,esm2_max - cheap,esm2_max,cheap,20,-0.041740745661626416,0.10687048899286819,0.1893482208251953
TAP,PSH,cluster,mlp,25,esm2_mean - cheap,esm2_mean,cheap,20,-0.13860717231077266,0.16017464787222058,0.0007076263427734375
TAP,PSH,cluster,mlp,25,esm2_mean+max - cheap,esm2_mean+max,cheap,20,-0.10788095010999263,0.1331188519833079,0.001209259033203125
TAP,PSH,cluster,mlp,50,esm2_cls - cheap,esm2_cls,cheap,20,-0.14458765344198712,0.18499252261690718,0.00365447998046875
TAP,PSH,cluster,mlp,50,esm2_max - cheap,esm2_max,cheap,20,0.0014017430181764976,0.13155828959184077,0.956329345703125
TAP,PSH,cluster,mlp,50,esm2_mean - cheap,esm2_mean,cheap,20,-0.14182820505821941,0.1707676418380603,0.0007076263427734375
TAP,PSH,cluster,mlp,50,esm2_mean+max - cheap,esm2_mean+max,cheap,20,-0.088350914211864,0.14357038804036865,0.01068878173828125
TAP,PSH,cluster,mlp,all,esm2_cls - cheap,esm2_cls,cheap,20,-0.06206517409818089,0.16150453409716256,0.11398696899414062
TAP,PSH,cluster,mlp,all,esm2_max - cheap,esm2_max,cheap,20,0.018959599059134465,0.14687607628070154,0.5705966949462891
TAP,PSH,cluster,mlp,all,esm2_mean - cheap,esm2_mean,cheap,20,-0.0025349680534235185,0.13885058069106865,0.9854354858398438
TAP,PSH,cluster,mlp,all,esm2_mean+max - cheap,esm2_mean+max,cheap,20,0.027639732273138484,0.15237148183443966,0.4304332733154297
TAP,SFvCSP,cluster,linear,100,esm2_cls - cheap,esm2_cls,cheap,20,-0.22278836051511358,0.06786990846020381,1.9073486328125e-06
TAP,SFvCSP,cluster,linear,100,esm2_max - cheap,esm2_max,cheap,20,-0.3213437368359794,0.07241207277141631,1.9073486328125e-06
TAP,SFvCSP,cluster,linear,100,esm2_mean - cheap,esm2_mean,cheap,20,-0.14834723051816323,0.07023069775599317,1.9073486328125e-06
TAP,SFvCSP,cluster,linear,100,esm2_mean+max - cheap,esm2_mean+max,cheap,20,-0.16828099577890837,0.07150999044889261,1.9073486328125e-06
TAP,SFvCSP,cluster,linear,150,esm2_cls - cheap,esm2_cls,cheap,20,-0.21208195564765958,0.07493558670234071,1.9073486328125e-06
TAP,SFvCSP,cluster,linear,150,esm2_max - cheap,esm2_max,cheap,20,-0.27756830955036427,0.09204417279468421,1.9073486328125e-06
TAP,SFvCSP,cluster,linear,150,esm2_mean - cheap,esm2_mean,cheap,20,-0.13628814364596162,0.07162696258688842,1.9073486328125e-06
TAP,SFvCSP,cluster,linear,150,esm2_mean+max - cheap,esm2_mean+max,cheap,20,-0.14868205160559692,0.07109094052496166,1.9073486328125e-06
TAP,SFvCSP,cluster,linear,25,esm2_cls - cheap,esm2_cls,cheap,20,-0.3159592026982105,0.11680287760098602,1.9073486328125e-06
TAP,SFvCSP,cluster,linear,25,esm2_max - cheap,esm2_max,cheap,20,-0.4190829157114728,0.13948317429089846,1.9073486328125e-06
TAP,SFvCSP,cluster,linear,25,esm2_mean - cheap,esm2_mean,cheap,20,-0.21380751998506525,0.07802740265683784,1.9073486328125e-06
TAP,SFvCSP,cluster,linear,25,esm2_mean+max - cheap,esm2_mean+max,cheap,20,-0.2566739210348029,0.08947945887507068,1.9073486328125e-06
TAP,SFvCSP,cluster,linear,50,esm2_cls - cheap,esm2_cls,cheap,20,-0.2864380263257405,0.11877310649813277,1.9073486328125e-06
TAP,SFvCSP,cluster,linear,50,esm2_max - cheap,esm2_max,cheap,20,-0.3813014007434651,0.12285371875676519,1.9073486328125e-06
TAP,SFvCSP,cluster,linear,50,esm2_mean - cheap,esm2_mean,cheap,20,-0.18006525518659508,0.09901579975882076,9.5367431640625e-06
TAP,SFvCSP,cluster,linear,50,esm2_mean+max - cheap,esm2_mean+max,cheap,20,-0.20646060426128238,0.09420394642409448,1.9073486328125e-06
TAP,SFvCSP,cluster,linear,all,esm2_cls - cheap,esm2_cls,cheap,20,-0.21899852204866904,0.07269531860223458,1.9073486328125e-06
TAP,SFvCSP,cluster,linear,all,esm2_max - cheap,esm2_max,cheap,20,-0.2817331308150838,0.08934350687556021,1.9073486328125e-06
TAP,SFvCSP,cluster,linear,all,esm2_mean - cheap,esm2_mean,cheap,20,-0.13563505358518138,0.07380427590214468,1.9073486328125e-06
TAP,SFvCSP,cluster,linear,all,esm2_mean+max - cheap,esm2_mean+max,cheap,20,-0.15253620902220177,0.07272111362591392,1.9073486328125e-06
TAP,SFvCSP,cluster,mlp,100,esm2_cls - cheap,esm2_cls,cheap,20,-0.17412629053163475,0.10175200364055646,1.9073486328125e-06
TAP,SFvCSP,cluster,mlp,100,esm2_max - cheap,esm2_max,cheap,20,-0.29550502305570864,0.09377679998974799,1.9073486328125e-06
TAP,SFvCSP,cluster,mlp,100,esm2_mean - cheap,esm2_mean,cheap,20,-0.06973149910299624,0.09473751653249635,0.0042209625244140625
TAP,SFvCSP,cluster,mlp,100,esm2_mean+max - cheap,esm2_mean+max,cheap,20,-0.12210808409596355,0.06657898160406968,1.9073486328125e-06
TAP,SFvCSP,cluster,mlp,150,esm2_cls - cheap,esm2_cls,cheap,20,-0.14036047862334847,0.09234908541588517,5.7220458984375e-06
TAP,SFvCSP,cluster,mlp,150,esm2_max - cheap,esm2_max,cheap,20,-0.25295105073262253,0.10252905908178946,1.9073486328125e-06
TAP,SFvCSP,cluster,mlp,150,esm2_mean - cheap,esm2_mean,cheap,20,-0.06461450207175345,0.0712643498697492,0.0004825592041015625
TAP,SFvCSP,cluster,mlp,150,esm2_mean+max - cheap,esm2_mean+max,cheap,20,-0.08917722409334347,0.08436745822221224,0.0002613067626953125
TAP,SFvCSP,cluster,mlp,25,esm2_cls - cheap,esm2_cls,cheap,20,-0.254687532444258,0.1401640657987408,3.814697265625e-06
TAP,SFvCSP,cluster,mlp,25,esm2_max - cheap,esm2_max,cheap,20,-0.3618347003083845,0.14003610644552575,1.9073486328125e-06
TAP,SFvCSP,cluster,mlp,25,esm2_mean - cheap,esm2_mean,cheap,20,-0.13691176174526182,0.12257818786295659,0.0002613067626953125
TAP,SFvCSP,cluster,mlp,25,esm2_mean+max - cheap,esm2_mean+max,cheap,20,-0.20618314959307846,0.12956924319735408,9.5367431640625e-06
TAP,SFvCSP,cluster,mlp,50,esm2_cls - cheap,esm2_cls,cheap,20,-0.21310251177643172,0.12372471462383607,1.9073486328125e-06
TAP,SFvCSP,cluster,mlp,50,esm2_max - cheap,esm2_max,cheap,20,-0.33172528574002885,0.11613768296972342,1.9073486328125e-06
TAP,SFvCSP,cluster,mlp,50,esm2_mean - cheap,esm2_mean,cheap,20,-0.10609488815919603,0.08655225977214612,2.6702880859375e-05
TAP,SFvCSP,cluster,mlp,50,esm2_mean+max - cheap,esm2_mean+max,cheap,20,-0.15509060687713777,0.08922113638720577,1.9073486328125e-06
TAP,SFvCSP,cluster,mlp,all,esm2_cls - cheap,esm2_cls,cheap,20,-0.12477863600242549,0.07750216701113671,3.814697265625e-06
TAP,SFvCSP,cluster,mlp,all,esm2_max - cheap,esm2_max,cheap,20,-0.2551423040086502,0.10189206850772921,1.9073486328125e-06
TAP,SFvCSP,cluster,mlp,all,esm2_mean - cheap,esm2_mean,cheap,20,-0.05790214748265874,0.07151861162396202,0.0023250579833984375
TAP,SFvCSP,cluster,mlp,all,esm2_mean+max - cheap,esm2_mean+max,cheap,20,-0.09227283727973279,0.07124149442851069,6.29425048828125e-05
