dataset,target,split,features,n_max_measured,score_at_n_max,ceiling,fit_r2,n_points,n_for_0.8,n_for_0.85,n_for_0.9,max_extrapolation_factor,reliable,n_for_0.99,n_for_0.6,n_for_0.7
SAbDab_Chen,developability,cluster,aac,1802.3,0.7986581275521925,0.9999999999999999,0.9890150337141227,7,1725.9246036297372,8451.911320947664,79316.04264221645,44.0,False,,,
SAbDab_Chen,developability,cluster,biophys,1802.3,0.7442874302900331,0.8315160213751769,0.9985776456408626,7,119069.21011359869,,,66.1,False,,,
SAbDab_Chen,developability,cluster,cheap,1802.3,0.787354803179795,0.8933360595957759,0.9805278512718358,7,2802.891557884932,66870.27635440683,,37.1,False,,,
SAbDab_Chen,developability,cluster,esm2,1802.3,0.7823237376556146,0.9284526451077465,0.9928771415897649,7,2859.655758590411,24167.887578363272,1949661.5027937621,1081.8,False,,,
SAbDab_Chen,developability,cluster,esm2+cheap,1802.3,0.7894165885833515,0.9999999999999999,0.9900626148483159,7,2012.6748395410102,9382.864522652766,82152.43092009389,45.6,False,,,
SAbDab_Chen,developability,cluster,random,1802.3,0.4744510850193593,0.5073915944377246,-0.0028027863427149136,7,,,,,False,,,
SAbDab_Chen,developability,random,aac,1806.0,0.884623726895511,0.9999999999999999,0.9886970881900083,7,386.7484947397902,1105.368591383377,4856.391001092269,2.7,True,,,
SAbDab_Chen,developability,random,biophys,1806.0,0.8732802373032476,0.9999999999999118,0.9668462313383014,7,494.1843861850714,1824.4270972186043,11497.4852050436,6.4,True,,,
SAbDab_Chen,developability,random,cheap,1806.0,0.8910882685778951,0.9999999999999989,0.9833913840681513,7,315.9553534651039,921.0355685969591,4160.684251288109,2.3,True,,,
SAbDab_Chen,developability,random,esm2,1806.0,0.8917265354411714,0.9999999999999999,0.9820413561426022,7,346.0394473299059,970.1436276316033,4148.092567571806,2.3,True,,,
SAbDab_Chen,developability,random,esm2+cheap,1806.0,0.8943353280065841,0.9999999999998859,0.9842255064986428,7,316.911645382478,859.8150511430634,3510.2839453102706,1.9,True,,,
SAbDab_Chen,developability,random,random,1806.0,0.48346164397654406,0.5118278694146293,-0.005383718311007257,7,,,,,False,,,
TAP,CDR_Length,cluster,aac,180.1,0.993889334032068,0.9972349082657063,0.997500723560262,5,,,,0.8,True,136.61913373318657,,
TAP,CDR_Length,cluster,biophys,180.1,0.9290778038659804,0.9365181692392006,0.9998244465657713,5,,,,,False,,,
TAP,CDR_Length,cluster,cheap,180.1,0.9940882723350644,0.9999999999999999,0.9628739101662157,5,,,,1.0,True,187.87178497779033,,
TAP,CDR_Length,cluster,esm2,180.1,0.9676266994297341,0.9999999999994716,0.9998820836557272,5,,,,2.7,True,486.58111138739724,,
TAP,CDR_Length,cluster,esm2+cheap,180.1,0.9729342816747162,0.9999999999999999,0.9996191387708977,5,,,,2.4,True,433.54678190476807,,
TAP,CDR_Length,cluster,random,180.1,0.007604386285097216,0.03308070497250353,-0.0017102454100346165,5,,,,,False,,,
TAP,CDR_Length,random,aac,180.0,0.9944201700257393,0.9944201700257395,0.9978071263109177,5,,,,0.6,True,104.21391260555703,,
TAP,CDR_Length,random,biophys,180.0,0.9302441792240325,0.9341732869588742,0.9999800132640058,5,,,,,False,,,
TAP,CDR_Length,random,cheap,180.0,0.9945994863418737,0.999999999999978,0.9991093984051803,5,,,,0.9,True,155.89266083717322,,
TAP,CDR_Length,random,esm2,180.0,0.9691750529488271,0.9999999999764483,0.9999477706453505,5,,,,2.9,True,516.7892052930468,,
TAP,CDR_Length,random,esm2+cheap,180.0,0.9736705630844747,0.9999999999998792,0.999926491471649,5,,,,2.5,True,444.39688243744337,,
TAP,CDR_Length,random,random,180.0,0.016853823442801653,0.04347535361750411,-0.0007837042028253638,5,,,,,False,,,
TAP,PNC,cluster,aac,180.1,0.5385080685323743,0.8385080685323733,0.9861410754214802,5,,,,12.4,False,,424.9335572660058,2229.9595942371993
TAP,PNC,cluster,biophys,180.1,0.49953648005406714,0.6952868808724987,0.9705997665654106,5,,,,10.2,False,,1835.632980858886,
TAP,PNC,cluster,cheap,180.1,0.6006334999456634,0.8476501089911979,0.9998528871328457,5,,,,4.8,True,,176.59347063779734,856.5435466993143
TAP,PNC,cluster,esm2,180.1,0.5133352378801013,0.8133352378801012,0.9770665538639275,5,,,,30.6,False,,632.4911488862587,5505.755674081131
TAP,PNC,cluster,esm2+cheap,180.1,0.5335866903902203,0.8335866903902056,0.9834452653306178,5,,,,16.2,False,,447.66356899916445,2919.6073989492716
TAP,PNC,cluster,random,180.1,-0.010386025455688428,0.03235800512370363,-0.0022392397852317725,5,,,,,False,,,
TAP,PNC,random,aac,180.0,0.5038038103846643,0.8038038103846642,0.9900787283325801,5,,,,24.4,False,,592.6484518600113,4383.013636505944
TAP,PNC,random,biophys,180.0,0.476964024892237,0.49493199666646054,0.999408029333761,5,,,,,False,,,
TAP,PNC,random,cheap,180.0,0.5648297970912488,0.6426247963983276,0.999208955338404,5,,,,2.1,True,,385.9714343319224,
TAP,PNC,random,esm2,180.0,0.48803782820242453,0.7880378282024244,0.9898239744324031,5,,,,54.8,False,,877.2488971149378,9871.461481796032
TAP,PNC,random,esm2+cheap,180.0,0.5150682360557666,0.8150682360557665,0.9880395261878936,5,,,,19.8,False,,537.910493254812,3562.15698910625
TAP,PNC,random,random,180.0,0.011566937211476783,0.021253518808746392,-0.00030253136695379546,5,,,,,False,,,
TAP,PPC,cluster,aac,180.1,0.2685957422396326,0.568595742237315,0.883062606217944,5,,,,,False,,,
TAP,PPC,cluster,biophys,180.1,0.3208362250332206,0.3284686549421362,0.9761615223948708,5,,,,,False,,,
TAP,PPC,cluster,cheap,180.1,0.3700066239700853,0.6700066239283896,0.9972367945320763,5,,,,556.5,False,,100232.41375730072,
TAP,PPC,cluster,esm2,180.1,0.312827352481762,0.6128273524817619,0.8649476238539207,5,,,,593615.8,False,,106910206.00413169,
TAP,PPC,cluster,esm2+cheap,180.1,0.3354853948782851,0.6354853948771032,0.8861137725667038,5,,,,3846.1,False,,692686.179078885,
TAP,PPC,cluster,random,180.1,-0.00814325874586913,0.01796278852484103,-0.0010903852551411575,5,,,,,False,,,
TAP,PPC,random,aac,180.0,0.3081926419244002,0.6081926419244,0.9760613823302529,5,,,,216887.9,False,,39039826.446904026,
TAP,PPC,random,biophys,180.0,0.30818056330887866,0.3081805633088787,0.9681006398511925,5,,,,,False,,,
TAP,PPC,random,cheap,180.0,0.4160439720679019,0.7160439720679012,0.9731639182915859,5,,,,60876.5,False,,7622.123904764473,10957773.440423816
TAP,PPC,random,esm2,180.0,0.2987389727682253,0.5987389727682252,0.9874905785968748,5,,,,,False,,,
TAP,PPC,random,esm2+cheap,180.0,0.34726491595732834,0.6472649159573275,0.9485635476813636,5,,,,1524.9,False,,274482.6381374785,
TAP,PPC,random,random,180.0,-0.012875611170224167,0.015529821175294093,-0.001716540341937911,5,,,,,False,,,
TAP,PSH,cluster,aac,180.1,0.5313130123696946,0.6879269843170629,0.9990856840092632,5,,,,3.1,True,,555.686022774606,
TAP,PSH,cluster,biophys,180.1,0.4918832455103222,0.7918832455103206,0.9849354353423014,5,,,,29.5,False,,640.1984592307723,5306.7773913464835
TAP,PSH,cluster,cheap,180.1,0.540874563863792,0.8408745638637919,0.9971347429954616,5,,,,9.9,True,,348.2399010280211,1782.6931757129773
TAP,PSH,cluster,esm2,180.1,0.5250134636448823,0.8250134636448822,0.9972652722564511,5,,,,12.5,False,,401.7699676406328,2247.231485046634
TAP,PSH,cluster,esm2+cheap,180.1,0.5341141489645854,0.8341141481677153,0.9978515021546255,5,,,,11.2,False,,379.08735182248864,2020.243859317585
TAP,PSH,cluster,random,180.1,-0.0012260148276621405,0.03089292296518078,-0.0015449010424699594,5,,,,,False,,,
TAP,PSH,random,aac,180.0,0.5178609201480697,0.5808671776995594,0.9963719269784002,5,,,,,False,,,
TAP,PSH,random,biophys,180.0,0.4920227392913802,0.7920227392902315,0.9889683171332435,5,,,,24.6,False,,588.7281466204405,4430.021112794737
TAP,PSH,random,cheap,180.0,0.5139952406134319,0.7656146717763215,0.9992925139648278,5,,,,70.4,False,,690.2529680626076,12663.61437389993
TAP,PSH,random,esm2,180.0,0.5217080909571654,0.8217080909571653,0.9967192777608901,5,,,,15.4,False,,465.3511581059228,2773.2166863171196
TAP,PSH,random,esm2+cheap,180.0,0.5275171866737175,0.8275171866737173,0.9960234416608517,5,,,,13.8,False,,436.97552871078057,2478.3659826744315
TAP,PSH,random,random,180.0,0.00524854574299312,0.018170280274986777,0.7946233661455682,5,,,,,False,,,
TAP,SFvCSP,cluster,aac,180.1,0.6650306957661197,0.9650306957661196,0.9822490690075352,5,767.5866825987877,,6819.164176354253,37.9,False,,,
TAP,SFvCSP,cluster,biophys,180.1,0.8228397706428929,0.8756983622366509,0.9946102093283715,5,87.52163620618818,,,0.5,True,,,
TAP,SFvCSP,cluster,cheap,180.1,0.8029365855023514,0.8980880376868476,0.9998164258036693,5,169.48591465606916,,,0.9,True,,,
TAP,SFvCSP,cluster,esm2,180.1,0.6673015319171699,0.815185273874548,0.9988500112349425,5,23885.759577084376,,,132.6,False,,,
TAP,SFvCSP,cluster,esm2+cheap,180.1,0.7692028890831406,0.809322055267477,0.998898474057899,5,624.3788945105207,,,3.5,True,,,
TAP,SFvCSP,cluster,random,180.1,-0.019601631136367748,-0.013338695873882598,-0.0009695326296073059,5,,,,,False,,,
TAP,SFvCSP,random,aac,180.0,0.6805648293778023,0.9805648293774714,0.9770104677774316,5,599.7068585283557,,3369.1434331613714,18.7,False,,,
TAP,SFvCSP,random,biophys,180.0,0.8149901698452305,0.8274243197698706,0.996177442490688,5,77.74248808069775,,,0.4,True,,,
TAP,SFvCSP,random,cheap,180.0,0.8097180148483882,0.9858595760233753,0.9965829420953808,5,147.36797434017998,,1005.0864475244387,5.6,True,,,
TAP,SFvCSP,random,esm2,180.0,0.681051254258049,0.83709871299153,0.9997819843920741,5,2826.6286470543114,,,15.7,False,,,
TAP,SFvCSP,random,esm2+cheap,180.0,0.7762428948652851,0.8296955312693213,0.9991457747509858,5,367.61248167194697,,,2.0,True,,,
TAP,SFvCSP,random,random,180.0,0.02235437346730996,0.34167463058570796,0.2136938537314479,5,,,,,False,,,
